N,P,K,temperature,humidity,ph,rainfall,label
72,49,40,23.07,82.45,6.86,259.03,rice
77,44,38,20.94,84.14,6.25,298.34,rice
70,49,38,22.95,84.58,6.8,246.28,rice
78,44,39,21.07,82.07,6.27,283.48,rice
77,51,41,23.95,83.34,6.72,247.06,rice
81,44,39,22.62,80.62,6.18,212.1,rice
81,53,37,24.86,80.4,6.88,236.23,rice
79,47,39,26.27,80.39,6.21,234.67,rice
73,48,39,20.83,83.85,6.54,262.7,rice
75,47,40,24.91,83.14,6.82,287.65,rice
75,46,41,25.56,83.86,6.24,262.33,rice
70,47,38,26.27,84.17,6.29,285.16,rice
81,52,39,21.87,80.62,6.65,233.7,rice
71,44,39,21.28,84.06,6.47,242.53,rice
66,52,40,22.0,81.01,6.66,228.89,rice
78,52,37,21.63,80.75,6.51,289.35,rice
77,52,41,22.68,80.24,6.68,262.43,rice
76,50,40,21.82,84.16,6.1,275.08,rice
77,46,39,20.25,81.3,6.48,275.52,rice
80,49,40,24.76,84.97,6.89,268.35,rice
74,44,39,22.5,83.95,6.96,258.2,rice
69,46,39,20.75,82.81,6.9,206.53,rice
70,47,38,22.13,81.0,6.85,298.74,rice
81,42,39,21.9,83.4,6.9,293.43,rice
74,46,42,22.03,84.53,6.45,275.17,rice
72,53,40,26.82,82.18,6.85,257.11,rice
72,48,38,23.67,83.65,6.12,279.34,rice
73,48,40,21.86,84.69,6.19,253.74,rice
77,43,38,26.19,84.45,6.97,226.83,rice
76,55,41,24.48,83.71,6.22,242.8,rice
84,39,39,21.92,84.36,6.26,290.38,rice
76,42,40,23.35,81.85,6.23,272.47,rice
82,54,40,20.95,80.22,6.34,207.75,rice
73,41,39,26.7,82.24,6.88,293.6,rice
73,40,40,26.72,82.27,6.43,266.63,rice
71,45,37,22.63,84.23,6.47,274.89,rice
79,50,41,22.98,81.28,6.01,269.45,rice
76,54,38,20.01,81.69,6.36,230.53,rice
79,59,41,24.45,83.45,6.21,223.2,rice
79,49,41,21.07,83.85,6.36,211.33,rice
63,44,40,26.58,84.28,6.87,245.48,rice
85,49,38,26.86,81.95,6.92,207.1,rice
76,44,39,26.97,80.67,6.53,266.81,rice
78,45,39,25.6,83.93,6.29,228.26,rice
77,53,38,21.57,83.52,6.6,272.82,rice
74,43,38,23.31,83.74,6.14,292.81,rice
76,44,42,21.92,83.28,6.44,218.86,rice
78,47,39,21.28,84.81,6.3,297.69,rice
67,42,41,24.48,81.47,6.96,251.39,rice
78,50,40,24.04,82.85,6.81,212.67,rice
72,44,37,24.86,82.28,6.78,255.67,rice
75,41,40,21.78,84.52,6.38,275.15,rice
73,44,39,26.42,80.73,6.85,215.42,rice
75,47,40,20.82,83.29,6.31,243.14,rice
74,50,38,26.76,82.84,6.72,272.77,rice
71,44,39,23.56,83.63,6.35,248.3,rice
73,47,39,25.18,82.65,6.42,242.42,rice
78,42,40,22.76,82.06,6.82,220.35,rice
81,49,42,25.43,84.91,6.12,255.77,rice
74,41,41,21.15,83.56,6.1,280.86,rice
73,45,37,23.46,81.56,6.17,221.63,rice
85,45,40,23.63,82.83,6.13,200.95,rice
78,41,38,26.47,82.29,6.73,275.63,rice
74,42,37,20.95,80.47,6.55,291.01,rice
66,36,42,23.18,81.48,6.83,288.34,rice
64,50,40,23.72,82.14,6.06,270.21,rice
70,42,40,26.91,84.42,6.01,246.47,rice
88,47,39,25.15,82.8,6.37,218.24,rice
75,45,39,24.35,83.58,6.15,272.9,rice
72,52,39,24.78,80.25,6.29,222.85,rice
71,50,39,21.45,84.27,6.94,205.43,rice
75,35,40,22.71,82.63,6.87,217.5,rice
78,49,42,20.53,80.11,6.96,257.7,rice
80,50,40,25.41,84.77,6.68,300.0,rice
67,47,40,26.02,82.91,6.66,214.22,rice
68,40,40,24.55,81.13,6.93,274.16,rice
73,54,38,25.61,84.2,6.67,295.76,rice
73,52,40,21.94,82.02,6.76,269.16,rice
78,48,42,24.17,80.04,6.27,287.83,rice
80,47,40,21.73,80.42,6.74,224.6,rice
80,50,44,24.56,82.76,6.74,288.81,rice
77,42,38,21.43,80.71,6.03,257.91,rice
72,46,40,25.9,83.49,6.31,210.21,rice
77,45,38,25.89,80.54,6.94,274.1,rice
81,50,42,24.69,83.35,6.14,237.54,rice
69,47,40,24.61,80.28,7.0,211.37,rice
74,48,38,21.98,80.35,6.95,236.51,rice
78,42,37,25.17,83.24,6.44,202.34,rice
79,48,38,21.3,80.1,6.82,283.51,rice
71,48,40,25.97,81.95,6.15,266.76,rice
72,53,39,25.17,80.57,6.47,241.97,rice
76,47,39,24.46,84.42,6.65,269.01,rice
70,44,40,22.89,82.85,6.59,260.69,rice
82,52,42,25.59,83.72,6.18,212.01,rice
76,50,40,20.5,82.8,6.97,250.29,rice
74,36,42,21.36,81.74,6.56,200.87,rice
75,45,37,26.91,84.8,6.4,260.17,rice
82,49,40,20.02,81.79,6.18,200.52,rice
77,45,40,21.12,82.47,6.87,293.64,rice
81,41,40,20.39,81.37,6.6,247.91,rice
86,47,20,25.22,51.39,5.82,85.85,maize
85,54,20,22.52,58.05,6.33,63.84,maize
77,49,17,26.39,67.79,6.31,100.17,maize
86,49,18,20.65,65.12,6.88,84.87,maize
82,49,21,26.85,58.56,5.78,61.05,maize
84,43,22,19.85,64.05,6.07,85.88,maize
84,54,20,23.72,69.67,6.95,92.57,maize
85,47,23,26.18,57.06,6.25,79.04,maize
78,57,20,22.97,53.06,6.41,108.45,maize
82,46,20,19.89,50.06,6.13,96.55,maize
85,52,19,22.62,51.28,5.79,94.48,maize
71,55,17,22.46,57.06,6.12,77.86,maize
72,47,20,26.9,61.1,5.65,73.07,maize
70,47,21,21.49,63.64,5.98,75.44,maize
88,51,22,23.01,52.96,6.27,64.03,maize
83,45,18,26.56,60.29,5.67,99.17,maize
75,53,17,22.2,60.16,5.51,93.68,maize
68,48,21,23.4,64.99,6.64,91.7,maize
86,51,18,18.33,53.34,6.06,96.51,maize
78,50,18,26.51,54.74,7.0,93.26,maize
81,51,19,24.54,66.24,6.08,84.59,maize
72,51,19,23.91,58.57,6.11,82.55,maize
74,51,19,25.23,61.47,5.75,100.59,maize
89,42,23,26.17,66.72,5.88,97.11,maize
77,55,21,24.19,50.24,5.93,80.07,maize
83,50,20,18.99,51.44,5.95,63.49,maize
76,54,20,25.17,63.35,6.69,95.7,maize
87,52,20,22.71,53.78,5.86,64.92,maize
83,50,19,20.69,51.46,5.71,79.51,maize
78,53,18,18.83,64.73,6.43,106.81,maize
74,46,16,18.21,64.49,5.87,87.22,maize
73,50,20,20.97,59.85,6.02,74.99,maize
84,49,22,19.24,63.73,6.59,88.44,maize
76,46,19,25.89,58.64,6.05,83.55,maize
77,45,15,24.96,58.26,6.43,86.02,maize
71,49,23,20.88,56.9,5.84,61.6,maize
70,50,20,22.76,66.84,6.8,60.72,maize
76,50,17,22.38,54.17,6.47,83.96,maize
74,51,19,24.21,60.46,5.99,96.9,maize
82,49,19,18.38,61.35,6.71,94.82,maize
91,54,20,26.6,63.23,5.76,107.2,maize
75,52,18,18.84,67.28,6.13,95.57,maize
87,47,18,20.05,65.4,5.92,105.32,maize
77,52,22,23.83,51.82,6.87,87.75,maize
69,52,20,20.64,62.1,6.98,109.28,maize
77,44,15,23.7,69.95,6.0,64.4,maize
66,48,17,19.02,63.07,6.15,91.16,maize
85,52,18,19.76,60.28,6.82,64.61,maize
80,54,20,22.31,50.57,6.32,86.7,maize
94,54,20,20.2,66.82,6.6,62.93,maize
76,45,21,26.39,53.44,5.92,61.51,maize
77,47,18,23.24,60.65,6.57,78.37,maize
95,44,22,19.05,52.67,6.3,82.42,maize
88,49,19,26.16,56.38,6.22,66.35,maize
74,48,16,25.02,54.63,5.86,72.65,maize
72,52,20,21.41,50.62,6.0,84.61,maize
80,51,21,23.93,64.4,5.9,98.62,maize
75,53,19,19.15,61.16,6.69,71.69,maize
72,47,18,21.29,56.37,5.64,82.79,maize
70,53,21,18.52,57.88,6.82,81.02,maize
87,54,19,25.8,53.26,6.08,75.3,maize
73,47,20,23.28,66.83,5.81,87.28,maize
89,47,19,22.95,63.98,6.02,87.53,maize
80,52,25,26.65,64.67,6.74,90.94,maize
89,50,22,24.1,62.73,6.1,85.53,maize
88,53,21,25.24,58.9,6.92,87.35,maize
86,54,23,25.68,60.54,5.54,67.15,maize
85,52,20,22.0,55.79,6.51,81.28,maize
95,52,17,26.71,50.07,6.86,88.42,maize
75,51,17,26.9,50.77,6.64,86.72,maize
81,50,19,24.25,64.74,6.24,97.41,maize
81,49,20,23.66,69.35,5.53,60.07,maize
73,52,19,21.84,61.76,6.3,108.37,maize
78,49,22,19.34,69.07,6.8,69.61,maize
75,49,20,23.75,56.5,6.37,87.91,maize
82,48,21,21.07,59.67,6.6,72.73,maize
72,51,19,19.76,64.3,6.34,79.62,maize
87,44,19,21.38,69.43,6.15,69.42,maize
69,54,15,24.2,62.3,6.04,66.21,maize
79,47,17,23.8,68.39,6.36,106.5,maize
78,51,19,18.01,64.87,6.63,100.29,maize
86,46,21,24.42,53.41,5.93,109.19,maize
83,49,23,22.07,61.76,5.82,71.19,maize
75,42,21,25.27,68.4,5.53,102.35,maize
75,49,16,23.81,59.57,6.81,65.55,maize
76,49,21,19.26,68.67,5.61,98.04,maize
90,55,21,22.39,53.97,5.74,90.16,maize
84,49,20,18.26,53.51,5.69,67.47,maize
76,50,18,21.81,63.91,5.51,108.51,maize
80,51,21,21.25,64.71,6.02,107.57,maize
83,46,20,20.62,68.29,6.58,75.94,maize
77,45,20,26.48,61.32,6.84,60.39,maize
81,54,20,24.45,50.05,6.38,79.45,maize
83,52,21,18.52,67.54,5.8,81.52,maize
81,45,20,23.6,63.76,6.4,63.95,maize
72,45,17,22.96,52.27,6.7,71.5,maize
80,49,22,22.39,65.3,5.58,65.19,maize
87,47,19,20.64,51.17,6.78,66.74,maize
68,49,18,25.35,57.57,6.27,95.27,maize
95,52,19,23.95,63.66,6.93,97.04,maize
38,60,78,19.8,16.2,5.83,86.89,chickpea
37,66,80,17.2,15.08,5.74,79.76,chickpea
52,68,77,17.62,17.51,5.58,62.15,chickpea
40,67,81,18.61,17.67,5.53,75.11,chickpea
42,70,78,18.72,15.93,5.66,66.84,chickpea
33,67,79,19.11,15.58,5.73,79.94,chickpea
47,73,81,17.3,17.81,5.57,68.45,chickpea
41,64,78,18.37,15.3,5.94,70.77,chickpea
44,76,80,18.86,17.74,5.84,65.4,chickpea
31,66,82,18.83,15.53,5.58,86.46,chickpea
33,63,77,18.54,17.91,5.5,76.67,chickpea
44,70,80,17.86,17.8,5.73,69.07,chickpea
40,65,80,19.53,15.85,5.98,78.89,chickpea
48,70,81,17.87,16.28,5.86,74.41,chickpea
40,61,80,19.7,15.73,5.93,65.3,chickpea
46,61,79,19.91,16.48,5.88,63.02,chickpea
42,65,80,19.33,14.88,5.97,67.39,chickpea
30,70,79,19.9,15.73,5.8,63.76,chickpea
42,69,80,18.24,16.89,5.85,69.32,chickpea
46,76,80,18.14,17.77,5.97,63.93,chickpea
34,58,79,17.61,16.99,5.53,67.76,chickpea
36,57,75,19.32,17.07,5.97,86.51,chickpea
35,69,81,19.45,15.12,5.77,81.79,chickpea
52,71,79,18.65,17.76,5.84,60.64,chickpea
41,67,79,19.68,17.88,5.71,79.6,chickpea
41,67,81,17.2,16.05,5.55,76.69,chickpea
41,69,80,18.66,15.51,5.71,73.05,chickpea
58,63,78,18.45,16.09,5.54,87.08,chickpea
42,74,81,17.78,18.0,5.96,89.49,chickpea
44,69,79,19.81,17.88,5.73,83.59,chickpea
36,65,78,19.39,17.42,5.63,72.52,chickpea
36,65,81,19.96,14.01,5.56,88.86,chickpea
40,74,79,19.94,17.21,5.74,81.54,chickpea
32,76,77,18.86,15.64,5.64,85.3,chickpea
35,65,80,19.27,14.18,5.96,79.98,chickpea
29,72,80,17.53,16.63,5.94,77.5,chickpea
32,64,81,19.53,15.37,5.81,89.12,chickpea
56,66,80,19.62,16.66,5.73,73.41,chickpea
40,62,80,18.86,16.0,5.66,73.5,chickpea
44,59,81,17.43,15.62,5.98,76.71,chickpea
39,59,80,17.02,17.46,5.99,67.58,chickpea
41,61,78,19.11,15.97,5.54,60.07,chickpea
35,67,80,17.57,17.97,5.81,64.57,chickpea
44,65,80,18.69,17.26,5.73,87.87,chickpea
32,70,81,18.91,14.06,5.77,76.24,chickpea
35,63,81,17.06,17.72,5.63,75.81,chickpea
45,72,80,17.16,14.4,5.53,80.09,chickpea
40,69,81,19.46,14.15,5.75,71.18,chickpea
39,64,78,18.76,17.2,5.75,82.32,chickpea
41,73,78,18.18,17.42,5.76,82.77,chickpea
32,68,82,19.22,14.11,5.66,81.31,chickpea
30,64,81,19.4,16.37,5.63,60.24,chickpea
20,71,78,18.27,15.53,5.96,80.73,chickpea
25,64,79,19.61,14.5,5.8,82.18,chickpea
36,59,78,19.87,14.52,5.57,80.58,chickpea
27,56,78,17.41,15.35,5.61,79.3,chickpea
64,63,75,17.87,14.46,5.66,65.87,chickpea
36,60,77,18.21,15.69,5.9,68.07,chickpea
28,62,82,19.39,17.57,5.83,74.09,chickpea
41,66,78,19.09,16.65,5.86,88.05,chickpea
39,76,81,19.9,17.34,5.86,79.22,chickpea
43,72,79,18.63,14.09,5.93,72.13,chickpea
40,71,78,17.17,14.75,5.78,63.13,chickpea
44,71,79,18.29,14.18,5.66,76.4,chickpea
43,61,80,18.93,14.14,5.95,80.63,chickpea
32,69,77,18.46,14.67,5.86,84.39,chickpea
36,68,81,19.63,17.88,5.99,61.59,chickpea
44,72,79,18.96,15.09,5.67,66.34,chickpea
38,71,80,19.82,14.26,5.74,84.29,chickpea
44,66,79,19.96,14.85,5.55,87.45,chickpea
37,60,80,17.58,15.78,5.74,76.17,chickpea
39,63,78,18.19,17.92,5.67,71.97,chickpea
35,72,80,19.11,15.32,5.68,82.66,chickpea
51,77,79,17.26,15.85,5.67,85.63,chickpea
28,61,77,17.99,15.7,5.64,76.9,chickpea
42,79,78,18.5,14.12,5.89,77.5,chickpea
39,68,81,19.81,17.77,5.51,60.87,chickpea
37,70,79,19.9,14.53,5.88,80.16,chickpea
37,64,81,17.97,14.37,5.63,60.27,chickpea
47,61,79,17.71,15.69,5.7,89.93,chickpea
32,66,76,19.69,14.44,5.62,70.33,chickpea
42,70,81,17.36,16.12,5.63,64.27,chickpea
31,64,78,17.87,14.45,5.96,63.96,chickpea
26,66,82,19.3,17.67,5.73,80.9,chickpea
43,68,78,18.32,14.42,5.66,62.44,chickpea
42,62,79,17.44,17.19,5.95,85.85,chickpea
35,67,81,17.9,16.75,5.75,83.52,chickpea
40,65,80,18.48,14.51,5.75,78.2,chickpea
45,64,81,17.89,17.84,5.75,80.64,chickpea
47,64,78,19.13,14.85,5.69,73.93,chickpea
38,68,81,19.44,16.08,5.66,72.85,chickpea
33,64,81,18.36,16.52,5.79,89.11,chickpea
40,63,81,17.41,16.03,5.87,61.78,chickpea
29,66,80,18.44,17.53,5.55,78.51,chickpea
41,65,84,19.05,16.02,5.83,63.87,chickpea
31,65,77,17.12,14.3,5.57,80.31,chickpea
33,65,80,19.05,16.67,5.74,86.44,chickpea
38,70,80,17.05,15.66,5.9,74.85,chickpea
39,66,80,17.63,17.06,5.75,81.4,chickpea
44,69,81,18.01,14.72,5.94,60.24,chickpea
29,65,18,24.02,22.2,5.58,108.07,kidneybeans
28,65,21,21.9,19.51,5.69,76.46,kidneybeans
17,69,21,19.37,24.48,5.8,95.89,kidneybeans
35,70,19,19.24,24.84,5.52,60.74,kidneybeans
25,69,18,22.56,18.67,5.76,139.02,kidneybeans
27,64,19,20.55,21.16,5.8,60.89,kidneybeans
25,74,18,23.52,24.61,5.99,69.12,kidneybeans
20,71,18,20.01,21.97,5.72,87.44,kidneybeans
21,74,20,19.8,22.76,5.61,130.24,kidneybeans
23,65,20,23.12,22.98,5.94,107.03,kidneybeans
34,71,21,17.41,20.97,5.9,126.63,kidneybeans
28,65,22,19.74,23.86,5.93,103.99,kidneybeans
24,66,17,24.16,19.36,5.74,116.69,kidneybeans
26,64,18,20.74,19.32,5.62,135.59,kidneybeans
18,67,23,21.57,24.85,5.54,82.99,kidneybeans
21,66,20,22.38,18.18,5.77,93.15,kidneybeans
21,65,20,16.83,20.39,5.96,137.7,kidneybeans
15,69,21,15.39,23.64,5.68,89.72,kidneybeans
32,67,17,19.17,22.3,5.55,110.19,kidneybeans
22,61,18,17.16,21.89,5.98,113.67,kidneybeans
24,75,21,17.41,23.48,5.77,141.78,kidneybeans
34,66,21,22.95,23.97,5.63,71.26,kidneybeans
29,69,19,19.19,18.62,5.52,73.71,kidneybeans
32,69,19,18.97,19.49,5.97,133.27,kidneybeans
24,71,22,22.19,24.05,5.79,80.99,kidneybeans
18,69,19,19.68,22.17,5.87,143.87,kidneybeans
20,68,22,24.4,22.87,5.79,118.12,kidneybeans
24,65,17,22.95,22.66,5.89,72.33,kidneybeans
21,71,19,15.66,24.32,5.57,140.96,kidneybeans
27,66,18,17.7,18.39,5.9,123.03,kidneybeans
29,68,18,19.9,22.05,5.85,79.95,kidneybeans
28,74,19,16.45,23.16,5.75,124.97,kidneybeans
32,65,19,16.06,19.16,5.66,138.53,kidneybeans
22,67,18,21.16,24.78,5.9,91.82,kidneybeans
27,66,21,18.19,24.39,5.81,98.81,kidneybeans
18,66,21,21.76,23.32,5.76,109.86,kidneybeans
8,66,19,18.46,18.07,5.96,127.41,kidneybeans
27,68,21,17.83,19.28,5.5,113.75,kidneybeans
24,69,19,22.21,22.0,5.55,118.06,kidneybeans
32,67,20,15.29,18.85,5.86,92.51,kidneybeans
34,65,19,23.97,20.07,5.85,117.79,kidneybeans
28,64,19,15.51,21.11,5.68,96.02,kidneybeans
22,66,21,19.32,20.06,5.51,125.97,kidneybeans
36,61,20,24.1,22.7,5.8,107.67,kidneybeans
25,63,20,15.63,21.64,5.84,121.97,kidneybeans
24,66,19,22.34,22.61,5.92,125.42,kidneybeans
25,65,20,17.21,19.82,5.77,77.54,kidneybeans
33,64,18,22.32,22.99,5.59,120.95,kidneybeans
29,67,22,18.81,20.32,5.51,103.1,kidneybeans
19,65,17,22.26,23.38,5.74,87.52,kidneybeans
29,65,21,15.22,24.16,5.54,68.72,kidneybeans
25,77,19,22.68,24.21,5.67,122.32,kidneybeans
31,66,20,24.63,23.74,5.61,139.59,kidneybeans
23,67,18,18.86,23.82,5.87,89.71,kidneybeans
21,65,20,24.37,23.63,5.85,63.01,kidneybeans
29,66,22,16.02,22.44,5.63,60.3,kidneybeans
25,60,22,22.84,20.24,5.54,121.25,kidneybeans
21,64,20,15.22,19.49,5.94,125.06,kidneybeans
26,72,21,19.11,21.59,5.95,137.29,kidneybeans
27,66,20,20.1,20.35,5.79,133.71,kidneybeans
15,72,18,24.73,20.83,5.64,88.0,kidneybeans
21,69,20,17.88,23.7,5.59,131.83,kidneybeans
27,66,18,23.78,21.83,5.7,130.82,kidneybeans
25,67,18,23.29,21.43,5.92,102.66,kidneybeans
16,67,19,19.92,22.38,5.79,65.29,kidneybeans
21,65,21,23.02,21.74,5.59,71.77,kidneybeans
19,65,21,20.35,24.39,5.89,136.7,kidneybeans
23,62,20,24.11,19.05,5.63,136.62,kidneybeans
26,64,20,23.47,22.55,5.67,143.84,kidneybeans
22,64,16,23.18,19.35,5.82,145.81,kidneybeans
28,67,23,20.86,18.36,5.9,118.37,kidneybeans
23,71,18,16.24,20.32,5.61,76.9,kidneybeans
18,74,20,17.63,21.47,5.55,78.53,kidneybeans
24,65,22,23.95,24.01,5.79,136.22,kidneybeans
21,64,22,22.7,20.17,5.99,70.13,kidneybeans
29,65,20,19.17,18.7,5.88,148.09,kidneybeans
27,68,19,20.67,18.94,5.78,94.47,kidneybeans
28,61,18,16.57,24.54,5.85,64.47,kidneybeans
34,66,18,19.08,22.01,5.87,85.33,kidneybeans
26,67,21,23.77,20.98,5.71,138.64,kidneybeans
25,65,22,17.3,21.35,5.63,118.17,kidneybeans
28,65,22,17.77,20.54,5.67,144.34,kidneybeans
25,80,18,24.67,21.88,5.81,89.14,kidneybeans
28,68,21,15.43,24.98,5.87,133.26,kidneybeans
23,75,19,23.8,22.79,5.82,122.61,kidneybeans
26,58,18,22.31,21.32,5.9,145.0,kidneybeans
21,64,21,24.91,20.04,5.62,123.93,kidneybeans
20,70,20,18.45,20.6,5.56,109.1,kidneybeans
21,70,21,21.24,18.41,5.97,70.82,kidneybeans
26,71,22,18.01,24.73,5.56,85.99,kidneybeans
29,66,21,19.2,20.58,5.66,141.0,kidneybeans
29,63,20,17.59,20.92,5.59,87.48,kidneybeans
28,71,20,24.21,18.94,5.56,149.83,kidneybeans
28,69,19,23.89,23.15,5.65,126.91,kidneybeans
23,65,19,22.1,19.51,5.53,109.33,kidneybeans
26,71,18,17.05,21.07,5.56,109.9,kidneybeans
21,70,18,23.48,20.13,5.59,90.53,kidneybeans
29,67,19,17.84,19.72,5.99,134.5,kidneybeans
20,69,21,24.87,23.6,5.66,101.63,kidneybeans
20,81,17,17.6,24.13,5.54,101.7,kidneybeans
33,66,20,27.21,17.6,6.28,133.5,pigeonpeas
23,63,20,35.39,17.43,7.09,102.62,pigeonpeas
21,63,19,27.54,14.87,4.77,99.96,pigeonpeas
17,71,20,27.31,14.35,6.04,116.55,pigeonpeas
33,70,19,33.85,14.64,5.88,108.33,pigeonpeas
19,66,20,21.81,14.5,6.2,137.93,pigeonpeas
26,66,20,31.69,15.69,6.91,107.12,pigeonpeas
28,63,20,30.66,16.44,5.46,108.6,pigeonpeas
23,59,21,27.86,17.28,6.07,95.71,pigeonpeas
25,63,19,30.29,14.29,6.48,151.35,pigeonpeas
26,71,19,27.75,14.84,5.51,148.01,pigeonpeas
32,61,19,27.16,16.14,6.59,153.4,pigeonpeas
24,65,22,35.4,15.98,6.27,143.13,pigeonpeas
26,65,19,20.06,15.29,5.26,136.02,pigeonpeas
20,75,18,23.64,14.01,5.17,97.56,pigeonpeas
31,67,20,18.57,15.25,4.93,139.94,pigeonpeas
22,70,23,33.57,16.59,6.14,135.94,pigeonpeas
19,74,21,28.65,15.58,5.84,153.4,pigeonpeas
17,74,19,34.72,14.28,5.4,154.94,pigeonpeas
25,66,19,35.48,14.92,6.15,147.76,pigeonpeas
28,71,21,31.98,17.9,5.05,136.5,pigeonpeas
21,64,20,36.44,17.94,5.57,151.88,pigeonpeas
27,72,19,28.26,15.1,6.85,109.55,pigeonpeas
23,64,20,29.13,14.81,5.89,115.21,pigeonpeas
26,68,22,37.4,16.9,7.01,145.99,pigeonpeas
32,62,21,30.08,15.38,5.74,146.76,pigeonpeas
25,74,21,26.99,15.98,6.52,139.72,pigeonpeas
29,68,18,18.48,17.88,6.57,115.35,pigeonpeas
26,74,21,35.58,15.1,5.38,150.29,pigeonpeas
27,66,18,36.54,14.43,7.19,109.06,pigeonpeas
23,66,20,18.19,17.38,5.8,116.9,pigeonpeas
23,57,20,28.35,14.11,7.37,100.56,pigeonpeas
27,66,20,27.38,16.73,5.35,133.87,pigeonpeas
24,65,20,34.71,16.12,6.72,117.07,pigeonpeas
29,73,18,18.04,15.29,6.45,140.64,pigeonpeas
23,62,19,28.73,17.4,7.05,107.12,pigeonpeas
26,62,19,32.2,16.74,5.43,141.58,pigeonpeas
35,60,18,36.13,14.94,6.78,127.88,pigeonpeas
22,71,21,27.93,15.47,5.8,105.92,pigeonpeas
26,66,18,23.97,15.84,7.48,116.84,pigeonpeas
26,65,22,18.3,17.24,5.94,138.76,pigeonpeas
20,62,18,27.93,17.07,5.33,128.66,pigeonpeas
21,62,21,21.84,15.22,7.44,107.09,pigeonpeas
30,69,21,31.76,15.34,6.21,98.72,pigeonpeas
17,70,23,23.31,17.19,5.85,123.29,pigeonpeas
26,71,21,19.81,17.1,6.78,101.11,pigeonpeas
16,68,17,23.31,14.16,7.28,151.93,pigeonpeas
32,62,17,32.24,14.85,6.02,129.28,pigeonpeas
30,69,21,26.95,14.18,5.19,90.04,pigeonpeas
19,59,18,31.91,14.94,6.23,129.34,pigeonpeas
22,77,19,20.31,16.04,6.17,116.97,pigeonpeas
19,71,18,27.62,15.09,5.34,125.79,pigeonpeas
29,66,21,25.89,14.9,5.05,143.22,pigeonpeas
21,72,19,37.29,17.74,7.48,101.39,pigeonpeas
28,66,19,21.01,15.57,7.04,94.63,pigeonpeas
30,62,19,34.75,16.42,6.72,107.29,pigeonpeas
26,68,21,29.79,16.85,5.44,90.15,pigeonpeas
26,75,16,30.74,17.86,7.4,138.77,pigeonpeas
39,68,18,18.25,16.84,4.86,143.25,pigeonpeas
19,75,20,23.75,14.99,5.95,130.06,pigeonpeas
28,63,19,32.77,16.9,7.46,106.01,pigeonpeas
21,66,16,24.99,16.5,5.07,104.92,pigeonpeas
30,67,20,23.91,16.59,4.63,143.74,pigeonpeas
23,61,16,26.52,14.61,6.26,127.22,pigeonpeas
30,72,20,18.83,14.09,6.21,145.84,pigeonpeas
26,73,18,20.14,14.21,5.57,118.44,pigeonpeas
20,72,20,22.51,14.44,6.15,154.33,pigeonpeas
23,63,23,29.58,15.06,6.12,111.33,pigeonpeas
24,73,21,24.79,17.32,5.49,124.39,pigeonpeas
28,62,23,35.42,15.91,6.25,131.0,pigeonpeas
27,68,20,29.1,15.35,7.45,152.97,pigeonpeas
20,60,18,23.35,17.03,7.01,141.11,pigeonpeas
20,63,20,24.77,14.42,5.29,150.9,pigeonpeas
24,65,19,28.14,17.25,5.15,145.91,pigeonpeas
26,72,23,35.31,15.63,7.03,136.73,pigeonpeas
21,74,21,20.25,14.4,5.94,96.44,pigeonpeas
30,74,20,27.1,14.68,4.81,132.03,pigeonpeas
25,69,17,32.9,16.6,5.85,106.73,pigeonpeas
17,75,23,18.43,14.41,7.26,153.92,pigeonpeas
20,79,19,27.35,16.7,6.27,100.0,pigeonpeas
28,60,21,28.95,16.38,5.34,132.55,pigeonpeas
31,66,21,24.3,14.25,4.62,154.61,pigeonpeas
27,72,19,35.58,15.33,5.85,142.51,pigeonpeas
17,71,19,34.74,17.87,4.55,145.57,pigeonpeas
25,67,22,31.12,15.04,6.09,131.18,pigeonpeas
17,69,19,30.85,14.13,4.89,104.7,pigeonpeas
24,65,18,25.68,14.99,7.08,91.01,pigeonpeas
25,72,19,28.83,16.09,5.47,145.94,pigeonpeas
25,69,16,31.67,15.59,5.58,94.42,pigeonpeas
37,71,19,19.32,16.79,4.54,143.97,pigeonpeas
19,69,18,33.69,15.43,6.39,132.56,pigeonpeas
23,60,20,18.62,14.66,5.27,107.84,pigeonpeas
24,68,15,29.79,14.99,6.65,135.8,pigeonpeas
27,65,21,34.2,16.51,5.11,113.94,pigeonpeas
19,62,20,28.18,16.98,5.76,150.39,pigeonpeas
27,68,20,21.01,14.62,4.73,142.35,pigeonpeas
21,70,20,30.93,14.01,5.46,131.73,pigeonpeas
32,66,20,33.14,14.76,4.54,122.54,pigeonpeas
23,68,17,32.43,15.92,5.6,136.99,pigeonpeas
24,64,23,37.61,15.84,5.52,95.71,pigeonpeas
30,51,20,28.6,56.97,5.6,63.39,mothbeans
27,45,21,28.93,49.85,3.78,57.51,mothbeans
39,52,18,30.5,52.65,8.68,34.16,mothbeans
29,49,22,24.47,63.43,4.54,74.82,mothbeans
28,43,21,30.82,50.35,3.54,53.48,mothbeans
24,50,17,26.81,42.58,9.41,52.1,mothbeans
24,48,20,29.6,61.8,8.4,66.93,mothbeans
26,41,19,28.31,51.78,6.19,54.55,mothbeans
26,49,18,25.24,62.4,8.56,58.15,mothbeans
23,46,18,26.01,58.22,6.02,68.99,mothbeans
27,49,18,29.43,58.66,3.86,34.89,mothbeans
24,43,21,28.07,44.43,5.66,48.73,mothbeans
26,40,19,27.94,40.17,3.89,72.4,mothbeans
19,46,18,29.25,53.15,5.98,49.68,mothbeans
31,42,21,31.45,54.89,5.14,69.32,mothbeans
27,50,22,29.55,62.67,6.02,52.57,mothbeans
29,50,17,29.93,61.21,6.65,75.23,mothbeans
30,47,16,26.42,52.05,8.72,66.47,mothbeans
28,48,20,29.37,51.76,6.31,35.9,mothbeans
34,40,17,31.16,48.98,6.48,42.63,mothbeans
20,43,19,31.69,57.41,8.78,50.1,mothbeans
27,41,17,27.33,43.98,7.85,49.62,mothbeans
25,46,20,26.32,50.6,4.02,63.41,mothbeans
21,42,18,29.87,59.92,4.29,69.39,mothbeans
27,49,17,25.3,62.81,9.28,38.41,mothbeans
28,49,19,30.74,41.74,4.43,59.17,mothbeans
12,44,19,28.81,60.13,8.09,78.04,mothbeans
33,50,20,25.7,56.7,5.47,44.19,mothbeans
23,45,20,31.13,53.16,3.63,50.39,mothbeans
17,42,23,27.56,63.3,4.92,79.83,mothbeans
30,52,21,27.07,46.71,7.3,50.52,mothbeans
31,49,18,26.02,53.36,6.7,72.2,mothbeans
21,51,20,25.83,49.56,4.73,75.33,mothbeans
16,49,19,28.4,64.56,7.29,34.24,mothbeans
26,51,20,27.6,45.11,7.11,64.15,mothbeans
20,49,21,24.02,53.47,4.19,77.48,mothbeans
14,50,22,30.67,58.62,9.11,44.94,mothbeans
29,40,19,28.29,53.75,4.82,64.26,mothbeans
32,47,17,29.33,59.34,7.23,76.51,mothbeans
25,50,21,27.34,62.21,5.4,36.41,mothbeans
25,53,16,24.26,41.07,5.39,66.19,mothbeans
27,45,18,29.36,40.34,5.31,75.83,mothbeans
35,47,19,27.3,42.75,7.15,43.88,mothbeans
28,53,21,30.36,60.71,6.73,44.23,mothbeans
16,50,21,30.74,49.96,5.95,63.26,mothbeans
29,52,18,27.87,42.97,4.93,60.0,mothbeans
34,46,18,24.53,55.42,7.54,36.95,mothbeans
32,46,21,26.42,58.26,5.44,76.93,mothbeans
27,51,22,25.99,49.17,4.81,73.58,mothbeans
30,53,20,24.18,64.05,8.03,53.24,mothbeans
24,49,17,28.32,41.36,8.08,70.17,mothbeans
26,43,16,25.64,64.25,4.15,34.81,mothbeans
20,41,22,24.09,42.98,5.22,36.66,mothbeans
27,41,20,27.27,59.87,7.9,59.64,mothbeans
29,43,23,27.07,53.13,4.54,69.76,mothbeans
19,51,19,28.27,56.14,5.13,33.76,mothbeans
26,49,19,24.6,47.44,6.11,44.31,mothbeans
22,51,21,27.09,49.76,7.83,62.84,mothbeans
30,45,21,30.87,57.11,8.09,56.23,mothbeans
25,49,19,28.34,48.42,9.15,54.17,mothbeans
20,54,15,26.95,52.2,7.49,60.4,mothbeans
32,46,21,25.1,50.34,9.29,50.81,mothbeans
24,46,22,29.51,58.99,7.52,37.13,mothbeans
21,49,20,24.72,45.97,4.09,43.22,mothbeans
24,50,21,31.6,55.27,6.87,60.86,mothbeans
18,51,18,31.79,45.01,7.78,39.84,mothbeans
36,47,21,28.89,58.43,7.87,50.91,mothbeans
20,43,22,26.23,47.15,6.42,53.71,mothbeans
25,43,20,24.14,62.47,5.43,67.07,mothbeans
13,53,17,29.59,59.51,4.58,62.04,mothbeans
24,50,20,28.55,63.2,5.55,34.87,mothbeans
23,45,21,28.46,47.53,3.58,47.48,mothbeans
29,58,17,28.76,64.18,4.06,30.56,mothbeans
19,46,19,26.07,46.41,9.19,31.19,mothbeans
20,38,19,26.18,64.16,5.93,47.57,mothbeans
21,46,22,28.16,59.6,7.51,31.18,mothbeans
22,41,18,29.48,49.94,9.39,50.94,mothbeans
22,50,20,29.97,48.05,7.25,33.29,mothbeans
29,61,18,30.86,61.76,4.23,42.52,mothbeans
28,51,18,29.1,40.23,6.67,65.73,mothbeans
27,46,20,25.23,40.92,4.77,35.89,mothbeans
23,50,20,28.42,54.1,8.43,78.0,mothbeans
21,53,17,24.22,52.79,5.53,72.63,mothbeans
26,49,19,24.34,53.63,7.72,55.59,mothbeans
17,49,18,28.73,62.33,7.08,39.1,mothbeans
26,55,22,24.36,43.04,7.61,48.66,mothbeans
27,43,23,29.47,44.47,7.23,42.05,mothbeans
20,45,20,24.85,42.83,3.61,55.44,mothbeans
22,52,14,25.5,60.77,4.12,77.21,mothbeans
33,43,19,31.06,44.95,6.95,59.56,mothbeans
20,41,21,25.82,49.96,5.81,42.96,mothbeans
23,46,16,27.64,42.93,8.44,77.95,mothbeans
36,45,16,29.23,44.16,4.1,35.84,mothbeans
22,36,16,30.45,58.5,4.6,55.23,mothbeans
27,55,21,26.74,50.42,6.23,40.91,mothbeans
31,48,18,30.99,63.0,5.06,53.0,mothbeans
25,46,17,24.67,51.88,3.71,34.63,mothbeans
22,44,18,27.64,63.12,8.89,39.78,mothbeans
25,46,21,31.32,41.26,6.19,42.15,mothbeans
24,45,18,29.87,43.5,5.14,46.94,mothbeans
20,50,18,29.42,62.59,6.72,57.31,mungbean
31,46,22,28.83,64.04,6.3,54.59,mungbean
26,49,15,28.29,60.69,6.29,59.11,mungbean
27,45,19,28.76,61.21,6.54,37.79,mungbean
20,47,17,27.38,60.19,6.75,37.03,mungbean
21,52,17,27.1,60.43,7.11,54.68,mungbean
30,47,20,28.68,62.74,6.01,59.67,mungbean
16,50,21,27.81,60.49,7.2,55.52,mungbean
18,43,18,28.72,64.24,6.79,48.94,mungbean
25,48,22,28.84,61.98,6.25,47.96,mungbean
24,45,17,28.22,64.14,6.08,42.26,mungbean
22,51,19,27.35,64.06,6.17,53.13,mungbean
29,41,19,27.44,64.75,6.63,50.3,mungbean
22,44,22,29.73,61.95,6.02,36.51,mungbean
20,47,19,29.05,60.3,6.01,53.03,mungbean
17,49,18,27.16,61.19,6.1,52.2,mungbean
21,47,20,29.62,60.83,6.3,39.87,mungbean
31,37,18,27.69,63.3,6.39,57.1,mungbean
26,40,19,29.18,60.59,7.16,51.15,mungbean
30,52,19,29.48,63.34,6.11,53.47,mungbean
28,47,22,29.51,61.83,6.16,57.64,mungbean
15,48,21,29.33,62.58,6.62,38.22,mungbean
27,45,20,28.09,64.57,6.93,58.56,mungbean
26,46,17,29.02,60.37,6.59,39.51,mungbean
27,45,18,28.65,62.93,6.33,46.36,mungbean
23,49,21,27.78,64.26,6.63,46.36,mungbean
26,41,21,27.38,61.27,6.89,48.14,mungbean
14,45,16,28.07,63.81,6.56,47.2,mungbean
21,44,18,29.48,64.88,6.48,37.62,mungbean
15,48,19,28.71,64.81,6.03,42.74,mungbean
26,48,17,27.66,64.76,6.2,52.33,mungbean
18,44,20,29.51,61.41,6.12,45.72,mungbean
24,46,21,28.19,61.03,6.5,47.56,mungbean
21,47,18,29.44,63.85,6.64,38.98,mungbean
31,50,20,29.48,61.64,6.61,45.34,mungbean
18,40,17,27.19,64.22,6.94,46.62,mungbean
26,50,21,30.0,63.61,6.75,39.84,mungbean
29,50,18,27.83,61.16,6.02,49.13,mungbean
19,45,22,29.69,64.04,7.04,59.62,mungbean
26,50,19,29.65,62.63,7.17,52.23,mungbean
30,52,20,28.37,64.89,6.32,50.11,mungbean
21,54,20,27.96,63.29,6.16,47.74,mungbean
21,42,19,27.34,61.36,6.87,35.05,mungbean
27,45,21,29.85,64.96,6.69,46.06,mungbean
21,47,20,29.49,63.32,6.33,50.76,mungbean
35,45,20,28.12,64.08,6.56,40.03,mungbean
16,46,17,28.55,64.12,6.21,52.78,mungbean
20,44,19,27.18,62.27,6.24,38.41,mungbean
25,47,22,28.39,64.45,6.41,53.96,mungbean
28,46,22,28.64,60.69,6.75,47.5,mungbean
29,50,21,29.78,64.79,6.81,53.76,mungbean
21,44,18,29.87,64.58,7.0,48.79,mungbean
18,49,17,29.18,64.73,6.54,38.61,mungbean
25,44,22,27.9,62.02,7.02,35.72,mungbean
25,46,20,28.68,64.37,6.71,58.62,mungbean
21,43,21,29.99,63.49,6.04,52.3,mungbean
25,51,20,29.72,63.55,6.08,54.73,mungbean
29,49,19,29.66,61.36,6.11,48.91,mungbean
27,47,19,27.68,62.12,6.4,47.26,mungbean
26,44,20,27.72,62.66,6.48,58.49,mungbean
26,44,23,28.99,62.15,7.16,53.92,mungbean
24,49,20,28.39,64.6,6.07,42.0,mungbean
29,48,19,27.13,63.06,6.14,45.38,mungbean
31,46,18,28.67,63.17,6.34,59.55,mungbean
25,49,21,29.11,62.52,6.34,57.53,mungbean
26,48,19,27.1,63.72,7.09,45.21,mungbean
19,42,20,27.15,61.2,7.1,40.77,mungbean
25,58,20,28.02,60.83,7.16,52.52,mungbean
28,42,20,29.43,61.91,6.9,45.44,mungbean
25,46,20,29.78,63.9,6.2,55.15,mungbean
31,45,21,28.12,62.9,6.5,36.01,mungbean
24,46,18,27.03,63.04,6.84,57.11,mungbean
31,48,20,29.56,61.53,6.89,44.37,mungbean
29,40,19,28.1,64.83,7.02,42.59,mungbean
23,46,19,29.8,62.9,6.62,35.95,mungbean
23,50,21,28.13,63.62,6.55,59.76,mungbean
26,42,22,29.75,62.56,6.46,38.96,mungbean
29,49,22,29.35,63.53,7.08,41.96,mungbean
30,46,20,29.57,60.66,7.0,42.73,mungbean
17,53,21,27.92,63.86,6.0,49.13,mungbean
18,50,23,27.25,60.17,6.88,49.65,mungbean
28,50,20,28.87,64.3,7.07,40.35,mungbean
23,49,21,29.09,63.43,6.53,35.28,mungbean
23,48,20,27.16,62.13,6.95,59.56,mungbean
22,44,18,29.8,61.71,7.08,43.9,mungbean
20,40,21,28.15,63.91,6.89,38.86,mungbean
26,49,19,29.44,63.19,6.92,46.42,mungbean
23,46,19,29.23,61.52,7.02,44.12,mungbean
24,50,20,27.36,61.52,6.63,51.94,mungbean
26,53,19,28.59,63.83,6.48,38.8,mungbean
23,43,21,27.53,60.56,6.86,43.94,mungbean
19,47,20,28.12,60.95,7.13,37.77,mungbean
27,47,20,27.24,62.26,6.29,59.86,mungbean
17,53,18,29.77,60.78,6.73,37.66,mungbean
29,40,19,27.29,61.34,6.79,59.29,mungbean
17,43,17,28.98,64.65,6.68,50.89,mungbean
21,50,20,27.5,60.72,6.38,56.89,mungbean
22,49,19,28.44,64.4,7.19,52.37,mungbean
21,44,20,29.58,60.02,6.01,40.27,mungbean
30,53,19,29.46,64.69,6.43,48.67,mungbean
41,62,17,33.38,64.8,7.22,79.43,blackgram
38,67,21,27.48,62.74,6.91,64.94,blackgram
42,66,21,25.97,61.74,6.98,68.94,blackgram
30,66,19,32.69,62.52,7.42,67.97,blackgram
39,68,20,31.64,67.07,7.15,75.8,blackgram
42,66,19,30.34,64.98,7.35,72.16,blackgram
32,68,20,28.35,62.79,7.15,75.53,blackgram
41,65,22,28.04,68.1,6.8,62.78,blackgram
42,72,20,27.48,69.22,7.19,62.33,blackgram
29,67,20,31.36,60.26,6.9,60.93,blackgram
35,66,17,33.64,68.43,6.92,70.15,blackgram
39,63,20,31.4,63.35,6.76,69.48,blackgram
46,70,21,26.3,61.73,7.3,67.53,blackgram
38,57,19,29.56,67.83,7.33,77.39,blackgram
39,60,21,31.66,68.33,6.91,78.95,blackgram
43,66,20,29.39,65.57,6.57,64.19,blackgram
32,59,19,29.47,61.3,6.82,76.7,blackgram
28,68,21,27.45,68.04,6.95,77.61,blackgram
38,67,20,27.98,68.15,6.73,74.4,blackgram
26,64,19,33.64,66.72,7.04,69.7,blackgram
48,69,19,28.11,63.91,7.06,65.3,blackgram
38,64,22,25.45,63.24,6.6,69.15,blackgram
44,70,19,25.01,64.47,7.46,68.3,blackgram
37,63,19,25.87,69.28,7.49,63.14,blackgram
34,60,19,33.34,62.01,7.03,72.6,blackgram
42,67,20,33.8,60.02,7.25,60.58,blackgram
44,68,19,31.92,62.91,6.84,62.22,blackgram
42,74,18,25.35,68.69,6.85,62.6,blackgram
53,64,19,28.76,63.55,6.65,76.02,blackgram
46,84,19,31.55,64.93,6.99,68.57,blackgram
38,64,23,29.74,66.22,6.82,61.54,blackgram
46,65,20,25.6,67.36,6.85,77.71,blackgram
29,69,19,26.85,61.05,6.53,75.07,blackgram
46,62,17,33.76,63.18,7.19,62.47,blackgram
41,63,18,30.91,68.3,7.16,65.06,blackgram
37,70,16,32.72,63.44,7.28,76.08,blackgram
33,71,18,32.13,66.98,6.55,61.26,blackgram
38,61,22,30.03,63.95,6.62,64.65,blackgram
42,67,18,27.32,69.79,6.55,67.42,blackgram
47,71,21,33.18,65.67,7.16,65.51,blackgram
32,64,15,32.52,62.6,6.94,78.2,blackgram
52,64,20,30.37,64.53,6.56,77.3,blackgram
52,67,18,31.92,61.98,7.29,75.69,blackgram
51,68,21,32.29,67.93,7.47,70.12,blackgram
30,61,17,32.48,62.81,7.15,75.75,blackgram
36,73,23,33.21,65.02,6.89,75.45,blackgram
51,63,21,34.94,64.19,7.42,74.31,blackgram
41,70,22,30.81,65.14,6.87,73.4,blackgram
43,71,20,28.2,60.53,6.67,63.02,blackgram
41,69,21,27.34,63.33,7.03,74.68,blackgram
37,58,19,32.42,63.25,7.3,66.17,blackgram
38,66,19,29.66,60.85,6.86,75.53,blackgram
42,65,17,34.52,67.15,6.81,73.03,blackgram
45,72,20,34.84,69.81,7.0,77.16,blackgram
44,64,19,27.06,67.34,6.53,67.33,blackgram
40,72,20,33.65,61.66,6.81,69.86,blackgram
43,68,21,28.05,65.31,6.69,78.51,blackgram
43,65,18,28.61,61.77,7.18,74.52,blackgram
49,70,20,33.72,61.71,6.64,60.45,blackgram
31,71,22,28.28,66.45,7.34,75.87,blackgram
41,66,22,30.46,60.86,7.02,70.73,blackgram
46,68,24,33.72,69.88,7.05,68.35,blackgram
45,67,21,31.31,60.89,6.87,66.87,blackgram
30,71,18,30.02,60.64,6.8,64.39,blackgram
46,59,19,34.01,63.19,7.18,70.41,blackgram
40,63,19,30.97,65.0,7.43,72.26,blackgram
30,65,16,29.2,63.67,7.48,73.32,blackgram
50,63,19,31.34,63.95,7.32,62.18,blackgram
30,75,21,29.74,62.69,6.71,66.23,blackgram
34,67,18,34.93,67.92,6.69,64.75,blackgram
42,68,19,28.57,63.86,6.85,63.55,blackgram
37,62,21,29.02,62.36,7.09,62.99,blackgram
47,66,24,25.38,61.45,7.18,70.25,blackgram
38,65,19,25.45,61.12,7.47,62.85,blackgram
45,66,21,30.08,62.78,7.02,68.66,blackgram
42,64,20,26.07,66.16,6.58,79.91,blackgram
36,69,18,26.71,62.85,7.34,65.54,blackgram
45,63,19,27.43,69.28,7.14,72.92,blackgram
41,69,20,29.58,66.93,7.48,60.92,blackgram
32,62,21,32.95,61.62,6.86,72.21,blackgram
43,68,23,28.27,62.22,7.04,62.75,blackgram
30,68,22,34.83,65.23,7.17,72.39,blackgram
34,65,18,25.33,66.42,7.0,61.81,blackgram
38,62,22,29.58,60.85,7.32,67.87,blackgram
41,70,18,30.46,69.72,7.16,63.38,blackgram
40,67,19,31.95,67.08,7.0,78.97,blackgram
42,64,21,25.41,68.43,6.67,71.43,blackgram
43,71,19,30.7,63.01,6.64,66.69,blackgram
43,66,21,33.91,66.25,6.75,79.07,blackgram
26,70,18,32.06,66.66,7.19,63.3,blackgram
40,64,20,27.29,65.99,6.72,64.22,blackgram
31,62,18,32.8,63.55,6.98,72.62,blackgram
41,64,18,29.19,65.76,7.07,64.8,blackgram
28,67,19,33.48,63.85,6.83,65.69,blackgram
45,64,21,27.04,62.01,6.51,71.03,blackgram
43,67,22,27.15,63.06,6.81,79.8,blackgram
39,58,20,30.84,61.63,6.54,74.57,blackgram
61,66,22,31.44,69.22,6.7,64.06,blackgram
34,68,21,27.54,66.87,7.48,77.36,blackgram
36,66,21,26.48,69.11,6.58,71.94,blackgram
17,68,18,20.28,62.76,5.72,47.41,lentil
24,69,21,29.01,62.59,6.2,44.58,lentil
30,69,19,26.06,61.15,5.74,54.43,lentil
21,58,19,22.41,67.37,6.0,39.12,lentil
25,63,21,22.24,64.69,6.19,44.45,lentil
27,68,19,26.72,68.55,6.23,36.4,lentil
22,66,20,22.07,65.16,5.89,43.03,lentil
21,69,17,29.96,69.1,5.63,41.97,lentil
15,67,17,20.42,65.44,5.69,39.84,lentil
33,65,22,25.39,66.83,6.48,44.35,lentil
31,70,21,25.44,69.3,5.89,48.59,lentil
35,72,20,18.1,63.07,5.93,39.84,lentil
34,69,20,21.77,67.64,5.84,36.19,lentil
23,62,18,29.05,63.17,5.83,45.81,lentil
20,70,22,26.8,60.86,5.9,37.47,lentil
25,68,20,21.51,69.35,5.57,40.42,lentil
23,66,20,18.4,69.23,5.7,49.1,lentil
23,65,21,21.25,65.97,5.62,37.33,lentil
22,76,20,27.19,63.47,5.89,48.43,lentil
15,72,21,27.17,67.54,6.34,47.26,lentil
31,64,21,20.11,64.83,6.19,43.22,lentil
22,64,18,25.75,66.36,6.34,54.78,lentil
19,61,19,27.36,60.71,6.17,53.13,lentil
26,61,19,19.81,64.26,6.37,42.97,lentil
26,62,22,21.47,62.32,5.86,40.95,lentil
25,67,19,29.45,69.3,5.98,40.41,lentil
27,65,18,18.66,68.94,5.84,52.37,lentil
18,57,16,26.25,68.32,5.85,41.43,lentil
21,71,20,20.37,60.92,6.31,53.91,lentil
17,67,20,23.62,67.6,5.64,53.93,lentil
24,67,21,27.09,62.39,6.5,36.55,lentil
26,72,21,19.16,67.54,5.59,37.78,lentil
16,69,17,28.57,62.13,5.98,53.28,lentil
25,66,21,18.86,60.08,5.51,53.07,lentil
27,66,21,21.46,62.55,6.5,51.18,lentil
25,72,21,19.04,61.31,6.49,39.52,lentil
23,65,19,25.25,63.41,5.6,44.27,lentil
21,65,23,28.79,67.4,6.06,54.62,lentil
22,69,25,29.19,64.46,6.18,47.79,lentil
20,73,20,19.84,60.62,6.45,36.93,lentil
15,66,19,21.4,62.66,5.83,42.19,lentil
27,73,19,21.65,69.3,6.19,49.82,lentil
17,65,21,20.72,69.45,5.54,53.18,lentil
24,70,14,24.75,62.28,5.63,51.34,lentil
17,64,17,18.16,69.73,6.16,44.42,lentil
26,65,18,28.24,64.57,6.1,36.28,lentil
28,70,21,26.24,69.27,6.17,38.8,lentil
17,74,21,18.38,69.08,5.77,53.75,lentil
25,73,20,19.93,66.08,5.75,53.47,lentil
31,67,21,23.6,63.05,6.18,45.36,lentil
33,68,22,27.9,67.73,5.83,44.93,lentil
24,56,17,21.42,67.82,5.84,41.94,lentil
14,62,21,24.16,69.34,6.33,43.07,lentil
23,62,20,20.72,60.68,6.12,40.01,lentil
26,66,25,18.22,66.47,5.95,39.2,lentil
36,67,23,21.61,60.45,5.72,40.16,lentil
23,57,20,22.55,60.58,5.84,42.38,lentil
16,64,19,28.79,60.11,6.39,54.26,lentil
31,72,21,19.06,67.75,6.45,41.25,lentil
17,72,22,19.18,67.35,6.24,45.19,lentil
16,69,19,26.63,62.77,5.6,37.57,lentil
29,62,20,27.64,61.84,5.77,36.19,lentil
38,67,22,21.74,64.62,5.77,43.82,lentil
24,66,24,24.46,67.24,6.09,41.6,lentil
24,76,21,21.01,60.63,6.22,47.21,lentil
26,64,21,19.1,67.0,5.84,39.8,lentil
28,63,19,23.07,66.22,5.92,46.62,lentil
23,74,20,21.12,65.51,6.37,36.92,lentil
32,66,20,23.32,61.9,6.07,41.47,lentil
23,66,18,20.02,68.0,5.67,35.81,lentil
28,69,19,20.07,66.76,6.35,37.74,lentil
27,69,21,22.24,61.84,6.46,54.81,lentil
18,71,19,19.21,64.74,6.08,46.08,lentil
19,67,21,21.02,68.82,5.9,45.31,lentil
26,71,22,22.58,62.58,5.81,50.04,lentil
26,73,21,28.06,64.27,6.2,39.95,lentil
26,75,18,26.21,68.47,6.29,53.94,lentil
17,68,17,19.31,64.46,6.1,43.71,lentil
21,69,20,27.14,63.7,5.82,50.67,lentil
26,69,21,24.96,67.09,5.8,48.78,lentil
31,73,21,18.35,67.48,5.81,48.59,lentil
19,64,20,19.69,69.97,6.48,42.35,lentil
19,65,20,24.39,63.13,6.24,48.75,lentil
29,67,22,24.61,63.11,6.11,46.96,lentil
19,70,18,23.79,66.66,5.75,39.5,lentil
26,62,19,27.57,63.07,6.29,35.45,lentil
28,66,21,24.25,69.99,5.81,48.98,lentil
23,60,19,24.0,61.76,6.11,39.67,lentil
24,73,17,22.93,62.27,6.05,40.3,lentil
23,67,18,28.12,67.14,5.55,43.71,lentil
25,74,21,19.0,69.77,5.68,50.73,lentil
22,73,21,21.76,66.99,5.57,54.18,lentil
33,70,19,18.97,60.11,5.86,51.95,lentil
14,66,20,25.07,69.98,5.91,40.36,lentil
20,68,22,23.0,64.38,5.79,47.79,lentil
27,74,19,25.36,64.43,5.94,52.94,lentil
21,69,19,28.47,67.37,5.79,50.46,lentil
27,63,18,25.4,62.2,6.14,53.48,lentil
20,67,19,25.54,64.63,5.91,38.23,lentil
28,69,21,29.77,63.33,6.07,50.86,lentil
19,21,40,21.75,86.62,6.82,100.42,pomegranate
29,25,40,21.05,93.03,6.0,101.25,pomegranate
35,29,41,18.99,88.92,5.81,102.22,pomegranate
36,14,37,20.33,91.12,7.07,103.19,pomegranate
27,24,40,22.04,89.72,5.84,103.1,pomegranate
30,17,40,20.46,92.1,6.86,114.63,pomegranate
21,24,37,23.17,87.21,6.67,101.43,pomegranate
29,33,40,23.07,91.16,5.54,107.03,pomegranate
34,18,38,18.61,87.15,5.72,109.74,pomegranate
20,16,40,22.51,89.18,5.83,108.65,pomegranate
28,29,38,20.72,91.36,6.45,106.34,pomegranate
31,19,38,20.26,90.49,6.9,107.76,pomegranate
28,26,37,20.87,87.76,6.95,101.93,pomegranate
37,14,40,24.99,94.96,6.25,105.1,pomegranate
37,28,35,21.09,85.59,6.68,107.04,pomegranate
29,20,40,23.85,88.38,6.52,106.49,pomegranate
23,29,38,22.86,85.23,5.86,104.97,pomegranate
36,18,39,23.52,86.24,5.98,113.42,pomegranate
37,30,39,18.29,93.33,6.99,100.92,pomegranate
40,25,38,19.23,90.57,5.75,101.07,pomegranate
20,28,36,18.58,93.84,7.1,105.82,pomegranate
28,30,38,20.55,90.12,6.77,104.17,pomegranate
26,21,39,22.74,90.53,6.16,111.5,pomegranate
28,27,41,21.05,89.3,5.97,108.76,pomegranate
31,28,37,20.77,91.74,5.75,103.26,pomegranate
24,37,40,18.08,89.61,6.64,109.13,pomegranate
24,19,39,24.0,94.75,6.28,104.15,pomegranate
29,26,41,20.44,86.6,6.64,113.82,pomegranate
16,22,38,21.36,94.24,7.01,104.07,pomegranate
32,27,40,21.18,87.45,6.94,100.44,pomegranate
17,28,36,22.44,88.86,5.69,112.71,pomegranate
31,17,36,21.08,86.37,6.03,103.75,pomegranate
27,24,37,18.55,89.25,6.06,110.8,pomegranate
41,18,34,24.38,89.65,6.42,111.51,pomegranate
25,26,41,21.94,85.83,6.55,114.6,pomegranate
39,25,38,24.66,86.53,5.94,104.96,pomegranate
25,20,38,21.8,87.68,5.86,104.77,pomegranate
22,23,41,18.76,87.79,5.64,103.95,pomegranate
30,27,41,18.23,94.24,5.62,103.74,pomegranate
28,22,38,21.49,90.34,7.04,112.51,pomegranate
33,22,37,22.43,92.95,6.97,114.88,pomegranate
29,24,39,23.52,85.93,6.2,100.0,pomegranate
33,22,38,21.8,86.3,6.11,104.34,pomegranate
36,19,42,18.75,94.94,5.51,100.46,pomegranate
25,28,39,24.45,89.42,6.16,109.87,pomegranate
24,16,38,23.85,85.85,6.43,103.33,pomegranate
24,19,39,21.13,90.27,5.8,105.77,pomegranate
29,29,38,23.95,86.7,7.05,109.16,pomegranate
25,22,40,24.94,93.81,6.46,108.38,pomegranate
37,20,42,23.18,92.17,6.57,107.38,pomegranate
32,28,37,21.36,93.2,6.92,100.64,pomegranate
34,15,36,23.29,94.61,5.53,104.23,pomegranate
29,23,36,21.59,87.04,6.41,105.81,pomegranate
9,22,39,20.22,91.86,5.75,108.75,pomegranate
26,27,38,21.1,87.61,6.41,107.64,pomegranate
22,18,39,21.81,85.61,6.57,107.85,pomegranate
35,14,39,19.18,90.45,6.69,101.92,pomegranate
34,11,39,22.21,88.27,6.64,107.25,pomegranate
26,21,42,23.28,87.27,6.32,101.95,pomegranate
18,32,41,19.18,91.14,5.64,104.58,pomegranate
25,24,39,24.25,93.67,6.62,111.39,pomegranate
21,29,41,20.91,93.93,6.05,101.55,pomegranate
19,31,39,24.41,92.0,5.7,104.02,pomegranate
17,34,40,19.89,90.6,6.06,109.63,pomegranate
39,28,40,19.6,90.55,6.42,102.97,pomegranate
34,20,39,23.39,94.42,6.49,104.4,pomegranate
27,27,42,23.98,94.44,6.97,114.98,pomegranate
34,24,39,24.91,92.4,6.5,101.13,pomegranate
36,28,39,18.67,90.06,6.21,110.49,pomegranate
46,27,42,18.41,86.04,6.02,114.4,pomegranate
35,28,44,19.71,93.08,6.34,107.56,pomegranate
26,19,40,20.35,90.26,6.7,105.75,pomegranate
27,26,40,24.17,85.99,5.89,105.97,pomegranate
30,20,41,21.39,94.38,6.35,112.23,pomegranate
32,25,44,20.84,94.37,6.45,111.59,pomegranate
22,22,41,19.02,88.91,6.64,106.84,pomegranate
23,15,46,24.41,90.36,7.2,106.16,pomegranate
29,25,38,20.94,94.42,6.74,106.27,pomegranate
28,27,38,20.32,90.65,6.52,104.85,pomegranate
30,18,40,19.87,93.53,6.4,112.45,pomegranate
33,25,42,24.63,86.68,7.01,110.56,pomegranate
38,29,37,20.75,89.34,7.0,103.21,pomegranate
21,26,36,20.28,86.5,6.55,106.63,pomegranate
35,22,38,19.53,89.47,6.98,110.66,pomegranate
33,26,39,21.53,92.91,5.74,111.9,pomegranate
35,28,35,20.48,91.56,6.18,104.79,pomegranate
31,18,42,24.26,93.04,6.45,110.75,pomegranate
35,18,37,23.48,86.01,5.53,105.24,pomegranate
27,26,38,23.91,88.7,6.26,109.63,pomegranate
34,31,40,21.25,86.55,6.15,108.9,pomegranate
28,18,43,22.57,92.11,6.15,108.56,pomegranate
30,30,42,23.55,87.97,6.61,100.8,pomegranate
26,30,39,19.99,89.48,7.01,108.02,pomegranate
35,26,40,18.52,92.26,5.91,114.17,pomegranate
37,34,40,20.12,92.76,6.35,102.37,pomegranate
30,20,39,19.51,89.29,6.0,112.73,pomegranate
16,20,41,22.77,86.64,7.11,101.02,pomegranate
31,28,42,18.8,92.62,6.27,107.34,pomegranate
13,24,40,21.77,92.52,5.6,109.21,pomegranate
25,20,44,21.9,88.31,6.42,114.28,pomegranate
101,82,49,28.37,83.01,5.88,93.68,banana
101,86,50,25.05,76.32,6.39,113.78,banana
96,85,51,25.98,75.26,5.63,114.57,banana
102,84,49,27.74,81.34,6.02,94.13,banana
109,82,47,25.49,75.88,6.32,93.75,banana
104,82,50,29.2,80.0,6.21,107.32,banana
98,86,49,29.56,78.11,5.97,118.42,banana
88,84,46,28.22,75.93,5.64,112.03,banana
89,81,47,26.65,84.66,6.22,95.18,banana
109,78,52,26.3,75.13,6.36,91.41,banana
97,78,48,27.86,80.71,5.53,110.04,banana
106,89,49,27.94,81.97,5.5,98.21,banana
111,81,47,29.25,78.86,5.94,94.28,banana
99,86,48,29.35,76.44,6.31,118.31,banana
102,79,49,27.4,79.74,6.36,96.44,banana
95,85,52,28.75,77.78,5.77,108.08,banana
98,82,49,28.94,84.01,5.98,112.8,banana
112,85,47,27.8,84.17,5.75,96.06,banana
99,89,51,27.2,82.24,5.59,119.34,banana
103,77,53,26.08,82.13,5.85,111.09,banana
109,80,50,27.54,79.1,5.6,116.37,banana
92,79,47,26.26,81.31,5.77,119.19,banana
93,86,50,28.26,78.65,6.39,100.06,banana
95,81,48,28.92,80.32,5.59,118.62,banana
99,87,48,28.8,81.71,6.03,101.13,banana
103,82,49,25.9,84.04,5.52,90.63,banana
94,93,48,29.13,76.83,6.01,118.28,banana
106,85,50,26.73,83.57,6.16,93.22,banana
109,85,48,26.33,76.37,5.59,110.18,banana
110,88,50,27.89,81.06,6.21,109.16,banana
93,83,48,25.83,78.09,6.17,99.9,banana
112,85,49,28.84,75.04,6.22,105.56,banana
100,82,47,25.89,78.72,5.89,99.09,banana
104,83,49,26.84,79.0,6.42,94.25,banana
105,78,46,27.79,84.32,5.99,105.1,banana
92,84,50,29.98,79.72,5.77,109.77,banana
93,82,53,28.45,78.05,6.0,91.69,banana
105,76,51,28.56,82.35,6.25,91.3,banana
92,81,47,29.06,78.77,6.34,102.94,banana
100,87,53,27.87,76.28,6.34,95.26,banana
104,80,50,28.49,82.18,6.15,109.61,banana
107,84,52,28.57,84.87,6.01,118.92,banana
99,81,50,28.34,75.08,5.84,108.56,banana
104,73,51,27.37,83.79,5.77,106.7,banana
100,77,46,29.52,77.06,5.82,110.72,banana
105,83,50,28.26,81.08,5.75,99.94,banana
109,80,49,29.05,78.14,5.68,107.71,banana
95,81,55,29.79,80.73,5.66,119.61,banana
99,90,47,29.75,76.23,6.29,103.55,banana
104,79,52,29.02,84.83,6.31,109.77,banana
112,76,49,27.45,80.66,5.68,111.5,banana
110,82,51,25.71,81.49,5.87,107.02,banana
107,84,48,26.94,82.66,6.48,103.85,banana
107,78,51,26.04,75.3,6.02,112.46,banana
103,88,49,25.52,82.4,6.21,112.03,banana
103,86,47,26.17,80.35,6.24,104.86,banana
106,81,50,25.45,79.27,5.56,101.99,banana
92,76,51,25.15,84.24,6.34,101.28,banana
103,80,49,26.74,84.9,6.45,104.9,banana
104,83,49,25.31,75.46,6.46,118.43,banana
104,76,50,25.51,80.57,6.05,107.6,banana
96,81,48,25.03,77.09,6.5,117.69,banana
103,85,50,28.53,80.09,6.03,119.24,banana
104,81,50,28.24,83.17,6.49,92.25,banana
94,81,45,25.32,79.53,5.53,95.5,banana
97,78,50,28.39,80.25,5.88,107.44,banana
89,79,49,29.85,76.49,6.14,97.84,banana
100,83,48,27.45,80.03,5.92,97.77,banana
96,80,49,28.83,79.23,5.5,104.22,banana
100,83,49,27.03,78.41,6.08,106.76,banana
87,86,49,25.5,76.55,5.58,100.37,banana
100,89,50,29.93,79.05,6.26,97.03,banana
89,80,51,28.82,78.04,6.26,99.71,banana
105,83,49,25.01,77.02,6.3,117.44,banana
89,84,47,29.74,77.73,5.58,97.17,banana
99,83,50,26.99,82.85,5.84,111.18,banana
97,81,49,25.46,75.02,6.09,102.93,banana
102,82,47,29.03,81.41,5.58,111.5,banana
98,76,52,26.8,82.39,5.84,99.83,banana
97,84,50,28.97,82.82,6.18,115.41,banana
110,79,50,29.72,81.4,5.83,114.84,banana
109,76,49,29.15,84.14,6.0,104.31,banana
99,84,52,29.42,82.43,5.58,97.42,banana
96,80,49,28.69,82.33,5.61,103.82,banana
104,81,47,25.1,84.43,6.13,103.57,banana
110,79,51,29.43,80.63,6.36,103.23,banana
110,80,50,27.03,81.17,5.95,110.57,banana
96,80,48,28.69,75.98,5.96,90.41,banana
96,86,49,28.52,76.92,5.98,114.04,banana
109,85,53,26.28,83.49,6.29,98.89,banana
112,79,50,29.27,77.46,6.46,105.03,banana
97,78,48,25.87,82.48,5.54,115.2,banana
101,82,49,26.65,82.09,6.4,114.71,banana
97,83,49,29.01,79.59,5.63,105.06,banana
80,72,52,27.2,84.97,5.75,92.38,banana
98,83,50,25.19,75.53,6.41,114.76,banana
108,78,50,28.82,84.2,5.71,117.11,banana
96,86,50,29.33,82.97,5.68,119.92,banana
91,89,51,29.56,78.44,6.48,115.59,banana
108,82,49,25.18,76.89,5.93,110.11,banana
19,23,29,30.07,53.62,6.26,91.59,mango
26,22,28,31.31,51.48,5.41,97.09,mango
16,24,29,30.71,50.59,6.1,91.78,mango
26,21,30,27.76,45.28,5.37,91.43,mango
37,36,27,27.84,46.01,6.66,86.75,mango
16,31,30,27.04,46.19,5.03,87.06,mango
30,20,31,32.48,51.02,5.66,95.88,mango
19,27,27,33.21,46.22,4.65,92.23,mango
23,31,32,30.33,47.92,5.31,91.84,mango
36,24,31,30.05,54.54,5.41,98.16,mango
25,21,28,30.61,46.4,6.21,97.3,mango
24,34,31,31.78,49.73,4.68,95.59,mango
20,29,27,29.76,53.99,6.61,88.52,mango
31,30,33,34.58,49.5,5.43,98.77,mango
18,31,29,34.45,54.29,5.06,93.62,mango
21,28,27,28.97,49.1,6.05,88.93,mango
20,23,28,31.9,53.63,4.82,93.08,mango
19,29,31,33.8,50.53,6.21,95.01,mango
30,26,29,33.01,54.02,5.41,91.8,mango
19,22,31,29.91,46.6,5.45,98.04,mango
21,33,26,28.84,49.75,6.31,97.85,mango
31,31,30,30.37,47.42,6.23,86.23,mango
21,20,30,33.3,54.25,5.31,99.51,mango
24,34,30,33.18,48.13,5.38,92.92,mango
24,21,33,29.27,50.1,6.66,99.98,mango
24,22,30,34.17,54.61,4.86,92.41,mango
22,24,29,31.9,49.22,6.57,92.98,mango
31,24,30,32.23,45.9,5.76,86.89,mango
25,30,27,30.54,49.08,6.5,92.13,mango
17,22,29,29.31,52.81,4.77,96.3,mango
20,27,28,28.45,53.71,5.28,87.15,mango
29,30,27,31.52,47.72,6.2,96.89,mango
17,32,29,31.04,45.74,5.13,95.77,mango
25,35,32,31.04,46.25,4.73,86.86,mango
16,25,25,30.91,53.12,6.75,92.12,mango
24,29,30,32.07,45.51,6.2,87.93,mango
27,31,32,29.18,46.41,6.61,93.24,mango
22,24,29,29.02,46.44,6.66,97.45,mango
25,21,27,32.18,50.91,5.1,98.94,mango
24,34,32,28.26,47.21,6.98,96.85,mango
18,26,28,32.7,53.12,5.18,96.87,mango
32,25,27,32.43,48.67,5.19,90.47,mango
18,26,29,30.5,51.37,5.13,97.63,mango
25,27,29,34.8,46.02,5.31,98.05,mango
30,25,29,31.78,48.91,6.7,95.98,mango
26,19,25,27.63,51.91,5.08,96.53,mango
16,32,30,32.83,46.89,6.29,91.24,mango
29,31,30,29.19,49.05,4.93,97.65,mango
28,25,29,32.21,49.08,6.45,98.27,mango
24,34,30,30.7,46.67,6.64,94.2,mango
27,25,30,28.48,45.89,6.35,95.21,mango
23,29,32,31.67,49.21,6.97,90.84,mango
27,21,30,29.09,46.85,5.33,97.04,mango
30,23,28,31.1,49.81,6.52,87.5,mango
29,30,28,34.58,45.28,6.0,87.58,mango
23,23,31,29.66,47.68,5.66,99.34,mango
31,33,30,29.06,52.69,6.82,86.83,mango
25,26,31,27.65,47.31,5.84,95.93,mango
21,32,30,31.61,50.96,4.95,92.83,mango
15,28,26,27.94,46.15,4.79,95.16,mango
25,31,30,31.5,47.0,6.75,92.09,mango
28,25,28,29.54,45.52,5.14,95.66,mango
24,27,29,31.75,50.3,6.98,86.16,mango
26,23,27,33.24,52.18,4.71,92.12,mango
19,33,30,30.25,54.55,4.96,96.23,mango
26,25,34,29.13,46.35,5.59,96.84,mango
24,25,29,29.42,50.7,6.61,94.47,mango
20,37,28,29.94,51.77,5.58,96.91,mango
28,20,29,27.17,46.74,5.65,90.26,mango
15,28,27,29.46,45.05,5.29,93.62,mango
17,27,29,33.73,47.08,6.86,95.25,mango
30,24,28,29.86,45.84,6.24,93.44,mango
31,33,30,31.92,54.24,5.97,89.64,mango
26,31,31,30.32,48.44,6.08,98.29,mango
29,32,30,30.13,51.37,6.92,93.63,mango
31,22,28,31.45,54.14,5.33,94.42,mango
19,31,30,32.18,50.1,4.56,93.31,mango
26,24,27,32.73,53.28,6.86,88.24,mango
27,27,29,31.53,51.96,5.29,99.66,mango
25,29,27,28.34,50.11,5.78,88.8,mango
25,25,29,27.83,48.42,6.59,98.83,mango
28,23,29,32.4,46.13,5.57,87.19,mango
34,25,30,28.16,48.87,4.52,94.43,mango
26,19,32,34.64,47.95,6.33,99.87,mango
21,21,30,29.62,53.51,4.9,90.2,mango
32,37,29,28.98,48.41,5.29,99.66,mango
23,21,30,27.06,53.83,4.59,88.17,mango
14,23,30,31.89,54.33,4.84,93.82,mango
22,22,27,32.23,47.28,5.77,87.03,mango
29,30,34,33.63,47.13,5.67,97.72,mango
19,27,31,34.45,45.19,5.24,90.83,mango
24,22,27,28.94,51.04,6.98,85.65,mango
25,26,30,33.16,51.16,4.82,96.06,mango
35,31,29,30.43,46.86,6.93,88.98,mango
29,31,32,27.58,47.36,6.3,87.13,mango
24,21,28,31.69,54.24,5.19,96.6,mango
18,25,30,27.82,45.39,5.41,90.65,mango
25,28,28,29.12,45.23,6.19,87.89,mango
21,31,31,33.87,46.91,4.75,97.39,mango
24,28,29,33.48,50.13,5.49,90.31,mango
44,129,198,35.28,80.75,5.8,72.71,grapes
26,133,199,35.72,81.52,5.95,72.01,grapes
34,137,198,24.26,82.74,6.07,68.6,grapes
30,136,198,27.31,82.42,6.06,70.0,grapes
27,136,198,32.26,81.21,6.15,72.56,grapes
38,133,199,38.85,81.45,6.39,68.9,grapes
28,132,200,37.81,82.53,5.77,71.91,grapes
17,125,201,33.69,81.42,5.79,72.93,grapes
37,128,198,37.65,80.89,6.37,71.78,grapes
34,134,198,10.11,80.14,5.91,69.51,grapes
30,135,200,29.98,80.53,5.55,71.8,grapes
37,132,200,37.72,80.59,6.26,73.2,grapes
37,133,199,23.84,80.88,6.13,69.51,grapes
33,129,198,30.3,82.68,6.29,66.88,grapes
32,135,202,35.77,80.23,6.18,72.66,grapes
26,132,202,13.78,82.35,6.27,72.39,grapes
32,139,200,15.91,80.58,5.87,65.99,grapes
32,135,201,13.36,80.9,6.29,67.66,grapes
34,132,203,34.18,81.65,6.24,73.58,grapes
30,132,200,21.75,82.23,5.55,74.14,grapes
39,132,198,33.15,82.16,6.26,74.28,grapes
22,132,203,22.8,80.46,5.61,69.44,grapes
29,146,198,13.74,82.57,5.56,67.53,grapes
21,135,202,12.66,82.69,5.93,73.46,grapes
30,126,205,32.95,81.7,5.73,65.32,grapes
25,129,199,11.12,80.54,5.55,70.85,grapes
35,133,200,38.45,82.85,5.84,72.45,grapes
30,131,202,38.95,80.52,6.05,73.88,grapes
41,136,199,31.79,81.2,5.92,74.49,grapes
17,124,202,25.29,80.68,6.07,71.54,grapes
22,130,199,35.85,80.12,5.74,66.28,grapes
30,126,201,35.96,80.57,6.39,74.87,grapes
29,136,200,16.22,81.85,6.38,71.95,grapes
33,131,200,34.36,80.63,5.67,69.91,grapes
32,129,201,20.29,81.39,6.22,68.27,grapes
25,132,200,20.62,82.23,5.85,65.72,grapes
34,135,203,16.11,81.23,6.43,66.06,grapes
36,129,199,22.96,80.61,6.05,68.06,grapes
27,132,199,24.45,80.7,6.4,66.83,grapes
39,129,202,16.73,81.73,5.57,65.16,grapes
33,129,198,24.08,82.0,6.07,70.75,grapes
41,130,198,15.47,80.66,5.95,69.75,grapes
31,129,202,38.27,81.82,6.2,72.44,grapes
28,126,199,39.53,82.86,5.84,67.22,grapes
24,133,200,23.73,82.14,5.69,72.73,grapes
32,132,200,34.49,82.92,5.57,69.34,grapes
25,133,202,19.95,82.43,5.56,67.07,grapes
31,138,199,26.88,81.39,5.89,73.99,grapes
24,130,200,25.34,82.81,6.11,73.3,grapes
28,131,201,18.47,82.62,6.05,72.07,grapes
20,128,200,15.54,81.42,5.73,72.43,grapes
27,135,200,38.42,81.48,5.75,66.21,grapes
27,133,200,25.43,81.32,5.86,73.06,grapes
45,132,198,13.35,81.48,6.31,74.5,grapes
30,134,199,21.31,80.14,6.24,72.03,grapes
44,137,200,34.65,82.65,5.53,68.99,grapes
20,129,202,26.38,82.44,6.34,70.98,grapes
33,129,196,39.49,82.73,5.73,65.6,grapes
38,134,202,32.49,82.18,5.57,74.02,grapes
37,135,199,11.43,80.06,5.9,70.89,grapes
44,140,198,24.73,80.21,6.03,65.65,grapes
20,131,198,14.7,82.24,6.16,67.5,grapes
41,130,198,14.89,81.81,6.02,66.99,grapes
19,137,201,17.11,81.77,5.63,70.15,grapes
18,133,197,30.5,80.94,5.51,69.06,grapes
26,134,199,16.62,82.67,6.33,71.12,grapes
36,139,198,21.95,81.53,5.84,70.81,grapes
19,127,200,21.97,82.44,6.01,69.29,grapes
29,140,199,36.98,81.89,6.32,70.32,grapes
32,131,202,30.13,82.8,6.04,69.11,grapes
13,128,202,22.67,80.68,6.25,68.94,grapes
33,134,198,35.32,81.27,6.07,68.53,grapes
21,129,200,15.08,82.04,5.73,74.03,grapes
35,133,200,15.95,81.67,6.48,65.46,grapes
37,132,199,38.52,80.22,5.56,72.89,grapes
23,129,201,35.16,81.03,5.98,73.74,grapes
30,130,201,17.65,80.14,6.37,68.58,grapes
34,134,200,39.73,82.64,6.05,71.45,grapes
12,129,200,20.42,81.0,6.27,69.97,grapes
21,135,200,34.49,82.9,6.01,68.55,grapes
24,137,201,23.59,81.11,6.13,65.33,grapes
26,127,199,15.2,82.74,6.42,73.83,grapes
27,133,199,20.26,82.58,5.85,73.49,grapes
30,132,201,34.59,82.9,5.58,68.34,grapes
28,138,200,25.75,82.97,5.58,71.52,grapes
15,128,199,18.91,81.87,5.73,73.36,grapes
25,127,198,31.82,81.18,6.28,72.82,grapes
30,136,197,30.67,81.54,5.68,72.95,grapes
37,129,201,10.48,80.57,5.55,74.28,grapes
41,136,199,18.0,80.93,5.64,70.55,grapes
24,131,200,19.96,82.85,5.58,69.53,grapes
38,126,197,22.04,80.3,5.53,67.02,grapes
32,132,198,35.36,81.06,5.54,67.95,grapes
47,129,199,32.73,80.82,6.4,67.31,grapes
22,130,200,10.2,82.15,6.31,68.37,grapes
24,132,199,31.35,81.67,5.72,67.67,grapes
28,136,199,18.31,82.12,5.89,71.12,grapes
24,129,199,33.14,81.27,5.75,65.29,grapes
27,133,199,34.09,80.56,6.08,68.31,grapes
27,134,198,13.46,80.44,5.66,74.31,grapes
117,17,51,25.48,83.03,6.3,49.61,watermelon
98,14,51,25.83,89.37,6.44,46.78,watermelon
105,15,47,25.79,84.32,6.84,56.32,watermelon
102,17,51,25.97,87.79,6.47,47.41,watermelon
100,17,49,24.25,80.96,6.14,52.78,watermelon
90,19,51,26.47,84.52,6.82,57.44,watermelon
92,13,50,24.54,81.58,6.43,49.84,watermelon
102,30,47,26.92,84.31,6.62,46.14,watermelon
106,12,47,26.33,88.84,6.01,53.52,watermelon
97,18,47,25.13,81.06,6.07,57.71,watermelon
90,17,52,26.25,89.83,6.24,50.92,watermelon
102,21,48,24.66,80.48,6.49,44.0,watermelon
104,21,50,24.17,84.44,6.9,49.11,watermelon
107,12,50,24.61,81.78,6.21,57.24,watermelon
89,22,50,25.74,87.67,6.89,51.43,watermelon
112,19,50,26.36,87.77,6.52,55.14,watermelon
96,24,49,25.81,82.77,6.4,52.46,watermelon
103,17,50,24.35,85.48,6.63,42.07,watermelon
105,15,49,26.36,85.2,6.75,54.02,watermelon
100,22,51,24.76,87.42,6.82,50.97,watermelon
112,20,52,26.68,84.52,6.59,59.16,watermelon
102,22,48,26.31,86.66,6.5,42.14,watermelon
89,10,52,24.17,83.88,6.59,52.47,watermelon
99,11,51,24.16,86.24,6.82,41.72,watermelon
108,17,50,24.5,85.55,6.54,49.22,watermelon
103,13,48,25.9,80.01,6.59,47.04,watermelon
99,17,49,26.83,83.0,6.08,56.85,watermelon
101,21,50,24.96,87.92,6.33,51.31,watermelon
99,20,50,24.18,86.74,6.31,55.8,watermelon
90,16,50,26.07,80.5,6.84,50.34,watermelon
107,20,49,26.03,82.81,6.66,43.78,watermelon
104,19,49,26.02,89.1,6.68,50.59,watermelon
110,18,48,26.89,83.65,6.03,43.8,watermelon
93,7,48,25.08,88.29,6.56,42.76,watermelon
93,19,46,24.75,81.8,6.58,41.54,watermelon
84,16,52,26.93,82.22,6.29,44.76,watermelon
101,22,48,26.25,89.71,6.79,46.92,watermelon
110,13,51,26.07,88.67,6.74,52.19,watermelon
101,14,49,24.52,80.17,6.14,40.93,watermelon
109,18,52,25.22,84.48,6.48,43.0,watermelon
109,14,51,25.31,82.5,6.5,49.73,watermelon
99,18,51,25.94,83.22,6.32,59.48,watermelon
98,18,48,26.71,84.08,6.88,45.14,watermelon
105,20,47,26.3,82.84,6.55,57.49,watermelon
93,13,49,25.59,84.65,6.6,54.62,watermelon
97,25,50,26.36,87.41,6.62,48.49,watermelon
110,18,49,24.62,86.38,6.76,43.6,watermelon
100,20,51,24.78,82.39,6.47,44.31,watermelon
96,12,50,24.05,84.61,6.6,59.93,watermelon
100,24,48,25.86,88.1,6.51,44.98,watermelon
89,18,49,24.12,84.4,6.58,51.02,watermelon
106,18,51,24.35,86.56,6.5,54.32,watermelon
117,13,51,26.38,88.27,6.98,53.85,watermelon
101,17,51,24.04,84.3,6.78,44.67,watermelon
105,16,50,25.5,89.01,6.41,52.06,watermelon
104,25,52,24.45,89.43,6.5,48.35,watermelon
97,20,50,24.31,83.27,6.13,57.67,watermelon
103,15,49,26.16,86.32,6.87,43.85,watermelon
113,16,52,24.5,85.92,6.64,46.48,watermelon
100,20,49,25.77,87.28,6.7,48.41,watermelon
104,15,50,24.44,86.02,6.39,53.64,watermelon
103,11,52,24.11,86.68,6.16,48.25,watermelon
109,23,48,24.43,84.3,6.58,53.89,watermelon
93,13,49,26.31,81.13,6.84,45.27,watermelon
91,17,52,25.88,81.91,6.27,54.53,watermelon
108,13,52,25.08,89.94,6.96,55.11,watermelon
99,5,47,26.66,85.36,6.68,43.64,watermelon
97,20,49,24.93,80.11,6.29,54.0,watermelon
93,9,51,25.34,80.05,6.3,49.34,watermelon
104,20,53,24.74,87.39,6.62,46.08,watermelon
90,17,51,25.35,85.39,6.45,47.38,watermelon
99,22,48,24.57,80.16,6.42,45.64,watermelon
96,17,50,26.14,84.81,6.44,53.77,watermelon
96,26,48,25.2,84.25,7.0,43.44,watermelon
102,20,48,25.22,82.45,6.03,53.66,watermelon
92,16,48,24.84,82.04,6.08,41.19,watermelon
105,15,48,26.88,86.76,6.63,59.55,watermelon
110,16,49,26.65,88.7,6.79,53.83,watermelon
101,24,50,26.85,84.07,6.36,49.49,watermelon
100,12,50,25.46,87.7,6.33,47.84,watermelon
97,19,48,25.28,84.43,6.24,46.55,watermelon
91,17,52,24.48,85.85,6.31,44.42,watermelon
101,16,51,26.9,86.76,6.78,54.55,watermelon
91,17,47,24.96,89.12,6.19,58.05,watermelon
107,21,50,25.28,82.65,6.12,56.57,watermelon
106,10,50,26.83,85.26,6.75,59.25,watermelon
91,15,47,26.52,86.11,7.0,46.73,watermelon
90,13,48,24.4,82.16,6.75,57.07,watermelon
90,11,49,24.31,89.05,6.8,40.46,watermelon
110,21,50,26.22,85.42,6.81,41.46,watermelon
95,22,50,25.9,85.9,6.34,47.44,watermelon
95,10,50,26.08,87.98,6.37,41.08,watermelon
111,12,50,26.69,80.15,6.52,44.64,watermelon
92,15,51,26.79,82.36,6.3,56.82,watermelon
100,19,49,24.38,82.31,6.92,48.72,watermelon
93,9,51,24.19,86.57,6.18,49.32,watermelon
103,12,51,26.92,86.81,6.53,51.06,watermelon
92,19,50,25.26,88.25,6.76,44.83,watermelon
106,21,51,25.2,86.65,6.19,56.64,watermelon
91,19,51,25.16,87.1,6.52,58.6,watermelon
96,12,47,28.39,90.79,6.55,24.67,muskmelon
92,18,52,29.57,93.75,6.5,29.91,muskmelon
102,24,52,27.53,94.91,6.77,25.09,muskmelon
99,12,51,27.84,90.73,6.37,28.69,muskmelon
87,25,49,28.65,91.18,6.34,21.89,muskmelon
92,16,47,27.07,93.67,6.59,20.87,muskmelon
88,10,51,29.73,91.42,6.19,21.77,muskmelon
95,19,50,27.9,90.59,6.45,21.08,muskmelon
99,12,49,27.01,91.56,6.53,25.13,muskmelon
105,17,50,28.06,93.52,6.37,29.13,muskmelon
102,19,51,28.02,91.16,6.0,28.68,muskmelon
108,16,54,27.02,91.13,6.74,22.52,muskmelon
96,15,49,29.18,93.74,6.18,21.26,muskmelon
93,27,50,29.3,94.16,6.05,25.35,muskmelon
97,8,50,28.17,92.64,6.64,22.9,muskmelon
104,16,47,29.46,93.8,6.24,21.97,muskmelon
94,18,48,28.22,92.78,6.7,23.71,muskmelon
99,13,51,27.83,91.04,6.15,20.52,muskmelon
98,23,50,27.25,93.11,6.62,28.9,muskmelon
109,15,48,29.25,90.62,6.09,29.68,muskmelon
100,20,49,28.11,94.46,6.21,24.07,muskmelon
92,14,49,28.59,93.05,6.38,23.8,muskmelon
111,20,51,28.1,91.06,6.19,25.53,muskmelon
107,25,51,27.57,90.02,6.13,28.79,muskmelon
98,11,52,28.14,90.74,6.27,29.85,muskmelon
99,12,51,29.9,94.81,6.58,25.53,muskmelon
112,19,49,29.17,91.84,6.7,23.87,muskmelon
93,22,48,27.37,91.13,6.6,20.06,muskmelon
102,16,49,28.63,92.6,6.46,24.5,muskmelon
99,14,45,28.19,94.31,6.31,20.72,muskmelon
109,17,51,28.81,90.45,6.15,24.29,muskmelon
91,9,49,28.61,90.15,6.08,29.08,muskmelon
94,15,50,28.88,94.99,6.4,23.7,muskmelon
86,15,49,27.03,92.1,6.54,26.58,muskmelon
97,20,47,28.61,92.87,6.15,20.09,muskmelon
99,21,51,27.1,92.48,6.29,28.34,muskmelon
105,15,48,27.28,90.32,6.64,20.39,muskmelon
112,20,52,29.05,93.16,6.64,28.99,muskmelon
118,25,49,29.74,94.54,6.29,28.96,muskmelon
83,19,50,28.68,92.55,6.01,25.48,muskmelon
100,12,48,27.95,90.71,6.12,21.85,muskmelon
103,20,50,29.87,90.77,6.11,21.84,muskmelon
94,18,50,29.8,91.42,6.01,21.64,muskmelon
98,12,47,28.11,94.33,6.66,27.43,muskmelon
103,13,52,27.38,93.44,6.64,29.61,muskmelon
101,23,49,27.37,93.17,6.28,29.9,muskmelon
103,17,49,27.74,91.51,6.6,27.85,muskmelon
106,13,47,27.68,90.19,6.66,29.81,muskmelon
97,10,51,28.04,91.06,6.39,25.17,muskmelon
105,17,51,29.95,93.12,6.3,27.08,muskmelon
95,18,48,29.04,92.49,6.56,26.43,muskmelon
104,20,48,29.06,94.32,6.02,28.27,muskmelon
92,17,46,27.09,92.55,6.55,24.63,muskmelon
92,9,49,27.29,94.11,6.3,27.54,muskmelon
93,13,50,29.02,91.39,6.77,28.81,muskmelon
92,18,48,28.94,92.14,6.38,22.31,muskmelon
108,18,46,28.62,92.96,6.47,21.51,muskmelon
98,18,49,29.67,91.66,6.42,21.0,muskmelon
90,16,48,27.89,90.71,6.76,28.04,muskmelon
105,20,48,28.48,92.66,6.44,25.71,muskmelon
101,19,50,27.56,92.44,6.63,22.38,muskmelon
105,17,48,29.89,93.9,6.36,20.82,muskmelon
105,13,48,29.67,93.59,6.69,20.67,muskmelon
89,23,49,29.37,91.25,6.3,26.18,muskmelon
109,16,49,27.28,91.39,6.19,21.03,muskmelon
101,19,50,28.94,90.58,6.46,28.59,muskmelon
96,21,48,28.99,92.81,6.3,23.07,muskmelon
104,18,51,28.8,94.97,6.49,28.51,muskmelon
104,22,47,29.0,92.52,6.65,24.3,muskmelon
103,18,53,27.11,90.57,6.71,20.14,muskmelon
91,20,51,27.65,93.06,6.48,29.22,muskmelon
92,17,51,28.18,92.82,6.24,28.54,muskmelon
110,19,54,28.06,92.6,6.57,22.65,muskmelon
104,22,48,28.18,94.58,6.7,22.28,muskmelon
111,17,51,29.73,93.31,6.5,23.76,muskmelon
93,21,53,28.22,94.72,6.42,26.28,muskmelon
107,20,46,27.51,94.25,6.4,24.41,muskmelon
100,20,51,27.21,94.52,6.51,23.71,muskmelon
107,21,51,27.84,92.89,6.42,20.33,muskmelon
105,21,48,29.95,94.84,6.57,21.06,muskmelon
98,16,51,28.16,94.55,6.24,26.56,muskmelon
109,13,50,29.45,90.2,6.75,28.12,muskmelon
95,19,48,27.52,94.2,6.38,20.2,muskmelon
100,10,48,28.35,94.07,6.49,20.46,muskmelon
105,19,49,27.86,90.17,6.72,21.54,muskmelon
95,22,52,30.0,92.63,6.7,29.18,muskmelon
98,21,48,27.19,94.78,6.08,23.52,muskmelon
105,13,51,29.64,91.13,6.58,23.7,muskmelon
91,22,51,28.8,91.5,6.03,27.68,muskmelon
102,12,50,28.96,90.7,6.2,24.08,muskmelon
97,18,49,29.06,92.95,6.47,24.93,muskmelon
99,14,49,27.24,93.51,6.22,27.53,muskmelon
99,17,50,28.64,94.39,6.01,29.42,muskmelon
108,17,52,27.79,91.67,6.01,29.02,muskmelon
106,18,49,28.07,91.12,6.68,25.29,muskmelon
101,12,49,28.34,91.59,6.41,25.08,muskmelon
105,13,46,29.53,93.58,6.23,23.85,muskmelon
98,19,49,27.31,93.31,6.52,23.28,muskmelon
106,18,47,28.95,92.87,6.75,23.19,muskmelon
99,15,53,29.66,92.32,6.72,25.32,muskmelon
45,129,200,23.62,92.12,6.15,116.43,apple
34,125,200,22.48,94.52,5.95,112.38,apple
30,130,198,22.31,91.72,6.4,107.1,apple
29,126,197,22.61,92.03,5.88,117.39,apple
37,135,199,23.33,93.56,5.94,118.6,apple
40,131,198,22.88,91.18,5.6,107.05,apple
20,129,200,21.15,90.82,5.97,104.91,apple
20,129,202,21.87,90.4,6.15,112.38,apple
28,135,199,21.94,90.16,6.4,114.3,apple
29,133,199,22.59,92.42,6.23,103.53,apple
34,128,198,23.16,93.04,6.49,107.42,apple
26,125,200,23.62,94.61,5.83,115.65,apple
30,125,198,21.69,93.35,5.63,112.93,apple
27,120,199,23.92,93.95,6.04,102.85,apple
35,132,199,21.59,90.46,6.4,102.02,apple
29,135,197,21.07,92.92,6.41,100.84,apple
38,138,198,22.85,94.24,5.73,105.58,apple
22,131,199,22.21,94.73,6.32,109.27,apple
30,133,198,21.01,92.59,6.19,119.15,apple
29,129,197,23.13,90.07,6.17,112.75,apple
17,136,200,22.41,94.15,5.97,112.74,apple
24,134,199,23.69,94.67,6.11,109.71,apple
32,131,200,21.82,94.16,6.34,116.11,apple
41,124,202,23.91,91.74,5.74,105.01,apple
35,132,197,23.55,90.69,6.07,109.72,apple
29,120,198,21.32,92.19,5.79,119.65,apple
29,139,200,22.82,90.39,6.21,119.42,apple
35,130,200,23.25,91.51,5.68,116.2,apple
30,133,201,21.44,94.62,5.68,111.75,apple
42,130,200,23.49,91.01,5.73,113.59,apple
23,136,201,22.03,90.32,5.64,100.56,apple
36,128,201,21.49,91.59,5.88,118.93,apple
20,133,198,22.94,94.91,5.93,110.55,apple
9,126,200,22.83,90.29,5.86,105.14,apple
44,129,200,21.5,91.24,6.12,117.83,apple
19,135,201,21.84,92.66,5.62,109.3,apple
32,133,201,22.52,91.2,6.07,118.56,apple
18,130,198,22.17,92.48,6.39,109.28,apple
29,137,202,22.95,90.45,5.54,116.55,apple
35,134,199,22.25,91.41,6.48,113.75,apple
31,133,202,21.95,92.65,6.29,100.84,apple
14,130,198,21.03,92.18,5.62,108.88,apple
36,131,202,23.1,93.18,6.49,110.47,apple
29,124,196,21.6,92.07,6.43,116.22,apple
25,124,198,21.56,93.03,6.38,106.01,apple
34,124,198,23.94,91.71,6.16,104.82,apple
38,134,199,21.06,91.03,5.86,105.49,apple
30,135,200,23.38,91.93,6.43,119.5,apple
26,130,198,23.88,91.68,6.23,103.48,apple
35,128,200,22.54,91.36,5.7,115.45,apple
37,133,199,21.27,93.64,5.77,103.24,apple
28,128,200,22.64,90.2,6.24,113.2,apple
34,130,200,22.24,90.43,6.04,116.46,apple
28,126,198,22.39,91.83,5.64,108.27,apple
24,136,200,22.46,91.69,6.33,100.97,apple
29,126,197,21.43,90.58,5.59,117.47,apple
20,132,203,23.92,90.43,6.04,112.92,apple
20,135,199,23.42,94.86,5.8,108.22,apple
34,137,200,23.58,94.06,5.8,108.17,apple
27,124,200,23.97,90.76,5.97,108.13,apple
39,136,200,21.03,93.44,5.57,102.36,apple
27,134,199,23.86,90.21,6.04,103.43,apple
24,134,199,23.29,92.88,5.6,102.11,apple
20,136,199,23.48,90.91,6.0,111.18,apple
34,132,198,21.06,93.53,5.56,105.07,apple
39,131,197,21.75,91.65,6.41,108.16,apple
27,126,200,22.99,92.22,6.05,117.69,apple
30,134,200,22.38,92.76,6.13,108.79,apple
19,140,199,21.86,90.72,5.92,103.86,apple
33,130,200,23.15,93.63,5.74,106.15,apple
29,140,202,22.38,94.25,6.04,108.29,apple
24,131,202,23.58,91.31,5.72,115.98,apple
28,137,199,21.38,92.77,5.98,112.79,apple
31,134,199,22.14,90.27,5.95,104.33,apple
38,137,204,21.68,92.19,6.45,113.12,apple
27,132,198,21.32,90.3,6.28,101.89,apple
35,140,200,21.6,93.54,6.11,104.95,apple
27,132,200,22.62,91.58,6.3,101.16,apple
37,128,199,23.68,90.83,5.98,107.23,apple
32,141,201,23.53,93.27,5.92,114.49,apple
27,137,203,21.61,92.46,5.71,101.37,apple
30,133,198,22.08,93.47,6.01,105.5,apple
32,137,198,22.63,93.69,6.22,109.27,apple
25,130,195,22.46,94.41,5.87,115.88,apple
28,128,200,21.85,94.81,6.32,104.15,apple
34,129,197,22.9,91.62,6.15,100.79,apple
21,128,199,23.13,92.86,5.85,118.38,apple
33,130,198,23.83,93.21,5.52,103.45,apple
25,137,203,23.19,91.9,5.93,114.09,apple
30,137,197,22.33,93.3,6.08,113.58,apple
28,130,199,21.57,94.67,5.96,102.35,apple
27,132,200,22.08,90.92,5.55,118.39,apple
35,137,198,21.68,94.17,6.24,111.12,apple
28,137,199,21.76,93.63,5.85,116.57,apple
32,129,199,23.71,93.4,6.32,117.39,apple
22,133,198,22.14,91.96,5.92,101.62,apple
26,127,201,23.15,92.9,5.71,110.56,apple
31,131,199,23.23,92.73,6.25,101.65,apple
30,131,198,22.86,90.94,5.63,113.44,apple
33,131,200,22.31,92.41,6.38,110.38,apple
33,20,6,30.7,92.84,6.96,100.53,orange
17,26,9,14.71,90.95,6.31,112.77,orange
19,23,11,17.02,90.11,7.15,114.59,orange
20,23,10,12.28,91.86,7.63,118.3,orange
22,18,9,16.94,90.94,6.1,115.07,orange
27,15,7,28.45,93.12,6.56,104.56,orange
34,19,9,19.37,91.56,7.39,106.96,orange
30,17,13,11.38,91.5,6.83,105.08,orange
20,16,10,18.85,94.03,7.94,119.62,orange
23,18,11,17.03,91.16,7.67,114.38,orange
32,14,8,14.15,92.88,6.65,113.03,orange
22,24,10,18.38,91.44,6.28,116.94,orange
27,9,8,12.0,90.15,6.12,118.91,orange
30,16,8,30.06,93.49,7.54,106.3,orange
25,24,9,32.46,92.97,6.72,105.19,orange
20,16,13,29.83,93.75,7.1,101.64,orange
28,18,8,19.25,93.84,6.74,104.13,orange
30,23,10,10.22,92.55,7.55,117.79,orange
23,15,6,22.09,92.82,6.7,110.49,orange
26,17,7,26.96,93.24,6.04,111.37,orange
26,18,9,10.09,93.43,7.11,103.88,orange
32,18,7,18.75,92.7,6.33,106.04,orange
19,18,11,33.05,93.55,6.0,114.77,orange
23,12,7,32.33,94.27,7.59,106.43,orange
36,16,10,16.62,93.76,7.07,119.61,orange
24,15,12,20.26,93.06,7.2,106.57,orange
28,26,11,13.01,93.03,7.39,101.82,orange
20,22,9,26.88,92.09,6.63,104.79,orange
23,23,10,17.82,91.47,6.8,103.06,orange
22,23,10,22.58,90.58,6.97,102.39,orange
27,3,13,17.34,90.34,6.23,116.92,orange
29,24,5,18.65,90.49,6.06,109.51,orange
15,14,10,31.51,91.53,7.62,110.96,orange
27,14,14,25.74,92.49,6.7,105.19,orange
22,13,7,11.13,92.3,6.19,116.02,orange
20,21,9,27.31,94.53,6.3,108.64,orange
31,17,10,10.56,91.36,6.29,109.57,orange
36,21,11,17.61,94.95,6.09,108.64,orange
28,19,8,16.84,92.68,7.77,111.87,orange
14,21,12,26.71,90.54,7.15,118.05,orange
23,19,9,15.48,94.68,7.77,115.63,orange
13,24,10,12.29,94.27,7.69,112.37,orange
25,19,8,10.35,94.83,7.37,104.5,orange
24,13,10,33.51,93.31,7.47,104.23,orange
27,16,9,34.12,94.72,6.1,103.02,orange
21,20,9,27.23,91.27,6.67,117.21,orange
21,22,13,11.71,94.05,6.81,113.51,orange
26,14,10,14.92,92.08,7.55,115.02,orange
21,14,10,20.12,91.76,7.0,111.19,orange
21,17,12,16.24,94.28,7.03,116.38,orange
22,16,9,34.14,93.39,7.89,117.71,orange
16,17,8,30.48,93.55,7.3,113.63,orange
19,23,8,19.26,91.39,7.39,109.69,orange
37,13,9,30.0,90.65,6.95,117.29,orange
27,24,11,28.61,92.4,7.66,100.65,orange
20,17,11,12.62,94.42,7.35,100.01,orange
36,24,6,12.84,91.83,6.2,119.46,orange
30,20,9,12.92,90.02,6.81,117.36,orange
19,26,11,22.64,93.36,6.0,115.52,orange
24,15,10,24.41,90.09,7.26,101.87,orange
36,15,7,21.68,91.24,7.35,112.9,orange
16,20,10,26.31,91.04,6.53,115.18,orange
14,21,7,32.75,94.48,6.44,115.24,orange
24,13,10,31.93,93.64,6.57,115.32,orange
25,19,7,12.05,94.49,6.9,107.74,orange
27,17,10,28.99,90.86,7.5,117.6,orange
27,10,10,21.97,94.1,6.78,106.66,orange
25,14,11,15.98,93.41,6.9,104.75,orange
23,19,8,20.75,94.82,6.73,110.61,orange
17,23,9,15.14,93.64,7.32,104.34,orange
25,15,7,27.96,94.57,6.7,108.25,orange
39,25,10,15.13,92.52,7.13,117.8,orange
28,8,9,11.01,90.38,7.01,101.78,orange
26,20,7,33.42,90.4,6.18,112.66,orange
26,23,10,18.49,90.81,6.22,110.66,orange
17,21,9,26.22,90.9,7.61,109.18,orange
18,20,11,31.56,91.23,7.25,110.99,orange
29,17,8,23.37,93.84,7.2,103.68,orange
16,12,9,14.16,93.38,7.6,107.14,orange
27,28,7,19.61,94.02,7.59,111.53,orange
19,17,9,28.9,92.6,6.94,102.31,orange
19,16,9,33.26,94.86,7.07,105.01,orange
28,22,8,13.93,93.61,7.32,116.34,orange
23,11,9,11.47,94.03,6.35,109.39,orange
18,21,10,31.29,94.56,7.97,115.48,orange
29,16,8,30.02,91.87,7.71,101.46,orange
25,19,8,11.4,94.3,7.75,113.37,orange
21,14,12,26.86,94.8,7.95,108.11,orange
20,16,8,19.48,91.79,7.52,114.94,orange
22,21,10,34.04,92.39,6.15,115.13,orange
17,10,9,12.02,90.26,6.39,107.38,orange
21,11,9,19.36,94.53,6.37,111.61,orange
31,16,11,17.39,92.52,7.72,119.31,orange
25,14,9,29.16,91.99,6.15,109.17,orange
15,25,10,31.85,94.03,6.69,118.29,orange
29,18,9,16.65,90.68,6.33,101.06,orange
28,19,9,19.9,92.67,7.53,100.79,orange
29,24,12,30.95,93.17,7.24,103.24,orange
24,19,9,12.74,91.42,7.4,114.52,orange
24,22,9,26.38,93.33,7.51,106.93,orange
47,54,49,36.15,93.86,6.6,222.57,papaya
53,59,49,23.86,92.31,6.99,71.59,papaya
49,67,50,29.88,94.98,6.58,185.3,papaya
47,58,53,31.23,91.96,6.56,73.84,papaya
40,53,49,28.8,93.2,6.87,84.26,papaya
35,62,50,38.73,93.26,6.94,98.6,papaya
50,50,49,28.54,93.51,6.91,70.96,papaya
51,59,53,40.54,90.1,6.92,188.78,papaya
56,63,50,34.1,93.64,6.58,135.99,papaya
47,60,48,39.64,93.69,6.94,131.6,papaya
33,58,50,28.38,90.42,6.63,112.29,papaya
56,59,54,38.64,94.79,6.64,124.45,papaya
43,59,51,38.69,90.22,6.82,141.31,papaya
49,59,47,29.01,90.54,6.94,48.41,papaya
56,53,49,39.78,91.98,6.62,202.34,papaya
48,58,48,37.88,91.64,6.93,246.48,papaya
53,62,51,34.14,93.92,6.99,223.56,papaya
49,57,49,36.7,92.28,6.97,215.91,papaya
47,58,48,43.52,90.12,6.91,237.47,papaya
49,66,50,30.9,90.41,6.58,120.42,papaya
57,47,51,36.5,93.22,6.75,240.67,papaya
44,58,53,36.94,93.89,6.56,244.44,papaya
49,61,48,43.59,90.94,6.94,56.48,papaya
57,56,52,38.18,93.05,6.96,180.77,papaya
64,58,48,23.96,93.03,6.81,72.9,papaya
42,55,51,35.26,91.71,6.82,116.85,papaya
59,57,47,30.54,91.0,6.76,152.03,papaya
49,47,49,25.44,94.1,6.95,143.85,papaya
49,55,50,39.29,92.04,6.65,202.27,papaya
57,46,48,23.87,91.34,6.74,50.61,papaya
49,69,48,24.89,91.95,6.62,61.8,papaya
44,57,46,32.43,93.3,6.54,87.38,papaya
56,61,50,37.09,94.98,6.94,40.61,papaya
56,59,51,43.0,92.84,6.79,126.07,papaya
50,62,51,33.09,92.17,6.96,53.51,papaya
55,57,47,29.09,92.82,6.6,216.65,papaya
48,56,48,40.56,90.58,6.51,78.8,papaya
51,54,48,42.7,90.39,6.6,183.65,papaya
53,63,49,43.57,94.62,6.83,196.78,papaya
50,59,50,41.89,94.14,6.72,119.47,papaya
57,52,49,33.29,91.29,6.94,166.33,papaya
56,53,48,32.61,94.9,6.67,146.1,papaya
57,61,47,43.21,92.66,6.64,164.13,papaya
59,58,48,37.5,92.89,6.62,171.88,papaya
52,54,51,30.75,93.98,6.86,84.63,papaya
46,53,50,28.29,92.49,6.9,118.57,papaya
52,62,48,39.25,90.61,7.0,239.98,papaya
61,66,50,41.78,94.13,6.94,174.21,papaya
47,59,52,39.92,92.13,6.71,231.66,papaya
53,59,46,33.46,91.41,6.5,206.57,papaya
51,53,49,38.22,94.39,6.92,128.75,papaya
54,61,51,34.23,93.26,6.7,240.92,papaya
57,51,47,29.63,93.09,6.95,152.84,papaya
54,57,50,33.18,90.81,6.51,145.55,papaya
45,63,48,23.56,90.96,6.59,159.86,papaya
48,56,51,25.93,93.26,6.65,72.37,papaya
44,61,49,33.53,90.1,6.6,189.58,papaya
39,60,46,34.81,92.52,6.78,248.02,papaya
59,53,49,33.5,90.44,6.57,151.28,papaya
53,56,50,32.39,93.8,6.78,48.64,papaya
52,54,47,37.05,93.17,6.74,145.33,papaya
42,58,49,40.17,92.75,6.75,88.2,papaya
47,57,50,37.77,92.94,6.59,46.85,papaya
46,56,48,29.89,90.71,6.86,183.71,papaya
39,55,49,24.11,91.17,6.54,64.19,papaya
58,55,46,39.71,90.77,6.82,246.27,papaya
61,54,47,41.83,94.5,6.87,136.64,papaya
49,60,49,32.43,93.68,6.97,130.17,papaya
31,62,50,40.27,92.66,6.61,151.1,papaya
59,55,52,35.72,91.79,6.64,157.14,papaya
54,61,49,30.43,92.03,6.69,107.99,papaya
57,61,47,40.19,91.77,6.98,146.74,papaya
53,61,51,38.56,90.4,6.68,53.21,papaya
51,50,47,26.18,93.12,6.66,245.3,papaya
46,49,50,35.87,92.17,6.85,81.05,papaya
56,60,51,38.8,94.16,6.51,238.26,papaya
54,57,50,33.16,90.17,6.76,226.84,papaya
49,56,49,30.19,92.19,6.61,100.97,papaya
49,53,50,42.0,94.05,6.72,144.0,papaya
60,61,49,25.42,90.47,6.72,99.36,papaya
53,52,49,40.43,94.65,6.65,180.64,papaya
42,59,49,39.72,93.77,6.87,163.09,papaya
49,53,51,42.16,93.84,6.68,167.71,papaya
57,58,50,42.81,93.55,6.98,225.88,papaya
54,54,50,31.2,93.41,6.55,179.68,papaya
46,57,50,25.63,91.89,6.86,130.18,papaya
46,53,46,31.58,94.13,6.61,145.77,papaya
53,62,50,28.33,92.02,6.99,125.37,papaya
46,59,53,27.02,90.38,6.7,113.69,papaya
43,58,50,32.87,91.46,6.61,244.24,papaya
52,60,51,33.59,94.04,6.91,160.7,papaya
48,63,49,40.81,91.17,6.6,117.29,papaya
49,54,52,35.23,92.36,6.72,157.6,papaya
47,50,51,32.45,93.03,6.64,95.68,papaya
38,59,46,28.42,94.07,7.0,89.8,papaya
50,61,49,33.04,94.98,6.77,244.88,papaya
46,64,48,35.7,91.82,6.95,221.22,papaya
61,53,51,38.51,92.48,6.65,154.32,papaya
45,51,49,25.2,92.35,6.99,148.48,papaya
50,57,50,36.39,93.48,6.83,204.84,papaya
24,3,25,26.69,93.07,6.22,185.74,coconut
33,8,30,25.39,90.57,5.59,207.61,coconut
19,26,28,28.0,90.26,6.24,153.28,coconut
25,21,30,27.88,92.52,6.05,201.37,coconut
23,20,27,26.46,92.03,6.0,223.91,coconut
22,13,30,26.41,94.97,6.36,160.75,coconut
26,18,28,25.63,93.07,5.96,169.53,coconut
27,14,27,26.61,94.27,5.81,168.74,coconut
33,10,30,27.51,94.34,6.21,201.3,coconut
21,17,27,26.7,90.01,6.13,218.18,coconut
21,14,31,25.33,93.83,5.56,210.23,coconut
32,18,29,25.74,94.69,5.66,172.56,coconut
33,10,29,26.7,94.71,6.38,181.81,coconut
23,17,25,25.54,90.67,6.36,150.4,coconut
24,16,32,26.09,91.26,6.39,188.49,coconut
20,22,30,27.08,94.28,6.36,150.6,coconut
23,19,32,26.95,90.83,6.21,158.59,coconut
28,22,27,26.78,90.84,5.59,223.03,coconut
32,16,27,27.49,91.9,6.03,160.81,coconut
28,19,27,27.9,93.39,5.65,206.66,coconut
29,22,30,26.43,92.39,5.9,170.64,coconut
21,13,29,26.54,94.09,6.23,172.34,coconut
27,10,29,27.59,91.17,6.31,164.25,coconut
21,16,31,25.81,90.73,6.15,152.39,coconut
20,25,31,25.16,93.88,6.16,188.27,coconut
22,14,30,26.57,90.43,5.69,155.3,coconut
28,16,29,25.56,90.59,6.19,157.42,coconut
17,17,30,26.43,94.59,5.67,228.47,coconut
23,20,29,27.73,92.78,5.72,204.57,coconut
33,9,30,25.1,91.95,6.23,214.36,coconut
24,15,31,26.22,92.23,6.42,160.4,coconut
31,13,30,27.24,92.97,6.31,177.61,coconut
23,14,28,26.94,94.89,6.33,205.52,coconut
20,13,32,27.26,91.71,5.67,194.37,coconut
22,17,28,27.42,90.43,5.78,210.5,coconut
26,19,26,26.23,92.74,5.99,155.11,coconut
31,12,30,27.47,91.55,6.12,216.24,coconut
27,20,27,26.06,92.08,6.36,165.4,coconut
22,17,31,25.66,90.87,6.27,157.9,coconut
19,18,32,25.79,93.46,6.09,172.8,coconut
25,6,27,27.64,94.13,5.53,229.83,coconut
25,19,30,26.95,92.5,6.4,226.94,coconut
27,15,28,27.83,93.04,6.45,164.4,coconut
24,16,31,27.87,94.4,6.13,214.52,coconut
30,18,30,27.66,90.11,6.04,229.75,coconut
33,16,34,26.45,90.58,5.63,199.26,coconut
22,11,29,27.61,91.58,5.65,191.23,coconut
17,18,31,26.43,91.95,6.13,225.75,coconut
25,14,32,27.64,92.42,6.02,187.17,coconut
28,14,30,25.62,91.96,5.96,192.11,coconut
32,20,30,26.69,91.05,6.42,224.46,coconut
26,14,31,26.93,92.33,5.89,217.82,coconut
20,18,30,26.44,92.21,5.71,202.66,coconut
15,21,27,26.53,92.09,5.99,183.08,coconut
32,19,31,26.51,91.48,6.02,209.2,coconut
24,18,32,25.73,90.33,6.39,227.9,coconut
22,14,30,25.51,91.78,6.44,152.67,coconut
34,13,29,25.11,92.18,6.37,181.16,coconut
28,22,33,25.75,92.16,6.0,227.07,coconut
26,18,29,27.62,90.21,6.3,161.22,coconut
25,19,32,26.32,92.69,6.01,163.03,coconut
24,21,30,26.97,91.38,5.78,209.72,coconut
30,26,30,27.71,92.86,6.02,170.64,coconut
24,20,31,27.84,90.68,5.79,193.71,coconut
31,12,29,26.83,92.62,5.8,216.99,coconut
33,20,29,26.13,94.54,6.49,221.2,coconut
30,8,29,26.43,92.23,5.52,182.73,coconut
27,20,27,25.37,92.48,6.16,179.48,coconut
29,9,30,26.42,92.31,6.23,164.87,coconut
24,11,31,27.07,91.88,6.48,185.63,coconut
27,19,27,26.37,95.0,6.12,183.03,coconut
28,19,31,26.68,91.09,6.46,190.47,coconut
27,12,30,25.79,90.23,6.09,217.34,coconut
25,20,29,27.5,92.34,5.9,214.11,coconut
16,16,27,27.22,92.56,5.59,194.34,coconut
16,17,30,26.23,92.23,5.57,208.0,coconut
30,25,30,25.63,90.81,5.88,227.07,coconut
22,18,30,26.91,93.86,5.61,212.46,coconut
16,21,26,26.43,91.08,5.95,214.27,coconut
27,19,27,26.45,94.47,6.33,185.7,coconut
23,20,30,25.27,91.29,5.92,221.02,coconut
29,14,27,26.96,92.47,6.5,174.6,coconut
22,24,30,26.29,91.75,5.98,160.18,coconut
9,18,30,26.41,94.37,5.7,162.59,coconut
26,16,26,27.54,93.36,6.13,191.7,coconut
27,12,28,27.2,93.66,5.66,157.36,coconut
27,22,30,26.44,90.65,6.32,150.27,coconut
26,21,29,25.81,90.56,6.08,154.44,coconut
32,22,29,25.56,93.48,5.82,224.6,coconut
32,19,27,26.47,92.89,5.9,209.54,coconut
27,18,28,25.66,91.33,5.91,217.9,coconut
29,17,29,27.18,91.39,6.41,225.01,coconut
27,16,28,25.13,94.85,6.14,171.24,coconut
24,14,30,25.88,92.92,6.38,165.89,coconut
26,21,29,27.37,93.29,6.02,150.77,coconut
28,27,30,26.06,92.08,6.3,185.94,coconut
20,17,28,27.68,91.13,6.09,165.84,coconut
26,12,30,27.67,93.8,6.04,160.33,coconut
27,24,30,27.48,92.93,5.89,163.83,coconut
35,19,29,27.0,93.91,6.05,182.93,coconut
117,48,22,25.72,82.17,6.55,89.42,cotton
134,39,17,22.11,82.58,6.9,67.25,cotton
127,52,19,24.82,81.37,7.63,76.58,cotton
115,40,19,23.07,80.25,7.78,81.28,cotton
119,44,19,23.16,75.78,7.35,85.46,cotton
124,43,22,22.5,80.96,7.76,65.14,cotton
119,46,18,22.97,83.1,7.3,90.56,cotton
122,48,19,23.86,79.3,6.24,62.05,cotton
126,56,19,22.55,79.96,6.3,98.97,cotton
117,49,21,24.21,83.76,6.62,99.47,cotton
120,46,19,23.08,82.33,7.45,76.61,cotton
116,49,22,25.72,77.69,6.3,81.31,cotton
122,52,17,24.98,75.18,7.64,81.35,cotton
126,48,19,22.5,75.67,6.87,69.23,cotton
113,48,20,25.22,83.27,6.38,98.04,cotton
114,47,19,25.81,80.02,7.82,63.91,cotton
118,51,21,24.45,83.33,7.68,85.31,cotton
121,45,18,22.73,76.13,7.81,72.99,cotton
126,53,21,25.88,80.66,7.67,72.72,cotton
122,47,17,23.49,78.03,6.84,67.42,cotton
115,48,20,23.3,80.42,6.51,86.12,cotton
105,57,17,25.73,77.28,6.41,88.83,cotton
116,42,20,23.96,83.48,7.74,73.32,cotton
116,41,21,22.17,78.38,7.74,75.66,cotton
123,46,22,24.95,83.95,7.1,81.36,cotton
125,45,19,22.44,79.18,7.02,66.89,cotton
117,42,18,25.0,84.98,6.07,78.51,cotton
120,51,18,24.48,83.59,7.65,83.58,cotton
117,51,17,25.18,75.87,6.86,93.09,cotton
106,47,18,22.22,83.11,6.32,83.54,cotton
125,41,19,25.83,78.6,6.54,86.61,cotton
122,49,20,24.62,84.03,7.7,86.07,cotton
132,51,21,25.02,75.73,7.64,79.26,cotton
124,43,19,23.61,78.71,7.94,64.66,cotton
133,47,17,25.1,79.05,6.27,86.18,cotton
117,57,20,25.09,83.09,6.62,62.68,cotton
118,50,19,24.2,84.27,6.26,64.45,cotton
131,41,18,22.5,76.35,7.72,72.49,cotton
127,54,21,23.28,77.81,6.96,97.58,cotton
116,47,21,22.25,78.0,7.33,63.98,cotton
121,48,20,24.33,82.69,6.7,64.27,cotton
122,53,17,24.95,80.54,6.05,90.3,cotton
119,48,19,22.46,83.42,6.43,98.29,cotton
117,50,21,24.07,82.19,7.73,92.28,cotton
128,43,17,25.01,81.27,7.11,68.31,cotton
121,50,20,23.95,78.16,7.62,68.0,cotton
117,46,20,22.53,78.4,6.76,61.7,cotton
122,45,19,25.25,79.67,7.46,73.62,cotton
115,46,18,25.33,79.1,7.21,86.52,cotton
112,47,19,24.86,84.73,7.61,99.34,cotton
116,47,17,22.35,79.6,7.69,65.41,cotton
120,48,19,25.9,78.51,7.77,63.72,cotton
123,46,20,24.13,83.65,7.84,74.76,cotton
116,49,20,23.45,79.76,7.16,87.35,cotton
124,50,19,23.53,83.99,6.28,77.75,cotton
123,52,20,24.59,84.7,7.5,75.8,cotton
120,43,20,24.94,78.47,7.41,93.55,cotton
110,50,23,24.25,82.04,7.69,61.98,cotton
124,42,19,25.93,83.15,6.22,95.39,cotton
117,45,21,23.32,81.45,7.36,69.3,cotton
116,44,17,24.6,78.67,6.62,88.24,cotton
116,50,20,23.55,75.23,6.5,86.14,cotton
117,47,20,23.92,78.66,7.16,78.36,cotton
112,49,17,23.98,76.5,6.74,70.46,cotton
111,53,18,22.9,78.68,6.11,94.23,cotton
124,55,20,25.7,81.65,6.48,85.53,cotton
108,53,18,22.7,83.77,7.1,67.77,cotton
122,42,24,23.96,80.93,6.87,73.31,cotton
121,49,19,24.79,77.74,6.29,82.24,cotton
124,42,21,22.67,83.07,7.16,79.83,cotton
109,39,17,22.42,80.2,6.07,66.94,cotton
109,51,18,23.69,77.72,7.52,62.04,cotton
121,51,18,22.97,76.82,6.96,89.44,cotton
119,44,20,22.8,75.0,7.07,80.07,cotton
113,46,20,25.35,75.19,6.69,67.39,cotton
114,46,16,23.58,83.78,6.08,93.44,cotton
124,44,17,25.53,81.35,7.54,62.31,cotton
116,48,19,22.24,78.12,6.71,64.23,cotton
111,49,23,24.3,79.67,6.67,82.92,cotton
114,46,22,22.31,84.78,7.27,63.48,cotton
125,53,22,22.23,76.66,6.45,91.3,cotton
125,42,17,23.03,76.7,6.47,85.01,cotton
117,45,21,24.77,83.89,6.27,94.15,cotton
118,51,21,24.04,76.73,6.83,85.91,cotton
116,33,17,24.37,82.58,7.65,89.87,cotton
119,56,20,25.57,80.43,7.31,76.28,cotton
121,45,22,25.26,80.37,7.82,95.32,cotton
119,50,22,25.4,75.33,6.86,65.65,cotton
113,51,19,23.11,81.63,6.76,70.12,cotton
116,49,20,23.31,76.05,7.8,95.37,cotton
134,44,22,23.16,80.99,7.75,95.42,cotton
121,52,22,22.52,81.82,6.48,98.11,cotton
113,45,21,23.19,84.06,6.11,65.6,cotton
119,45,20,22.48,82.69,6.96,97.85,cotton
118,49,19,25.11,82.1,6.17,75.94,cotton
107,46,21,24.29,76.56,6.57,72.74,cotton
124,47,20,24.01,76.06,6.65,63.88,cotton
111,48,19,23.66,80.91,7.39,62.24,cotton
121,50,18,24.29,82.25,7.88,64.14,cotton
123,51,19,24.87,77.63,6.08,85.69,cotton
83,46,42,23.62,75.14,6.84,153.24,jute
96,43,41,25.63,75.95,6.5,199.86,jute
85,51,39,24.44,71.26,6.34,178.42,jute
75,46,42,23.26,75.51,6.97,163.06,jute
79,38,35,24.04,74.48,6.72,151.85,jute
78,50,38,25.91,77.52,7.01,157.78,jute
75,49,38,25.79,77.3,6.74,198.81,jute
80,48,44,23.36,78.24,6.74,179.59,jute
89,42,37,24.51,77.19,7.44,199.33,jute
75,47,41,25.87,75.1,7.2,154.51,jute
82,48,39,23.25,76.39,6.02,150.79,jute
92,47,39,23.15,76.07,7.05,179.54,jute
83,42,39,23.9,70.65,6.34,198.92,jute
87,49,39,24.07,73.37,7.33,186.52,jute
79,47,39,23.01,71.06,6.28,194.75,jute
72,54,39,24.35,71.69,6.08,184.86,jute
70,47,37,25.42,77.59,6.7,181.09,jute
87,50,42,23.68,75.57,7.5,171.56,jute
80,44,41,25.11,72.19,7.18,186.23,jute
72,47,41,25.38,76.72,7.46,188.61,jute
87,48,43,23.16,71.5,6.71,160.81,jute
76,52,40,25.61,73.71,6.27,176.7,jute
69,45,42,25.98,75.44,7.28,175.93,jute
71,41,43,23.02,78.49,7.23,189.0,jute
86,46,40,25.64,71.18,7.45,185.77,jute
86,43,41,23.67,71.91,7.06,151.03,jute
76,48,39,25.99,72.21,7.13,175.92,jute
77,49,39,25.4,73.38,6.83,166.05,jute
73,52,40,25.75,77.38,6.65,159.1,jute
85,44,40,25.33,70.08,6.65,161.96,jute
82,47,39,25.33,70.47,6.8,175.62,jute
78,41,38,23.06,74.23,7.34,170.54,jute
87,52,41,25.24,77.49,6.52,155.12,jute
81,45,38,24.88,73.42,6.67,193.5,jute
78,48,41,25.54,71.0,6.01,161.54,jute
81,46,39,23.67,77.7,6.85,186.35,jute
83,50,39,25.24,77.86,6.83,164.39,jute
80,42,42,23.06,78.86,7.03,161.99,jute
74,47,38,24.89,75.64,6.91,155.66,jute
85,53,37,25.14,74.87,6.97,152.45,jute
71,45,40,23.49,74.97,6.81,177.24,jute
80,49,34,24.08,70.28,7.16,157.37,jute
78,43,36,25.34,70.3,6.47,162.21,jute
79,51,42,23.5,75.59,7.3,180.68,jute
86,44,41,24.73,75.22,7.46,163.73,jute
78,43,41,23.43,73.81,7.23,195.19,jute
81,44,39,23.37,71.78,6.37,164.89,jute
73,50,38,23.04,73.43,6.23,162.99,jute
80,52,39,23.18,76.24,6.36,164.58,jute
74,47,40,24.0,77.34,6.05,198.89,jute
78,46,41,24.21,76.89,7.13,160.31,jute
88,45,39,25.29,75.56,7.21,154.84,jute
92,43,35,24.73,70.48,6.38,159.49,jute
79,45,40,25.74,72.11,6.02,198.63,jute
76,55,37,25.13,71.63,6.23,151.87,jute
78,47,37,23.55,70.12,6.05,157.8,jute
66,49,40,24.04,71.62,6.54,184.0,jute
82,46,40,23.13,70.06,6.82,151.6,jute
73,49,40,23.39,75.31,6.17,187.84,jute
82,40,38,23.82,76.25,6.11,175.96,jute
77,51,40,24.17,75.06,6.72,195.99,jute
80,46,41,23.94,77.54,7.39,196.94,jute
75,52,40,23.73,74.9,7.28,157.41,jute
81,42,41,23.27,73.93,6.01,169.56,jute
83,51,39,25.8,71.74,6.28,196.63,jute
87,52,41,23.03,71.1,7.46,165.18,jute
74,50,40,24.64,77.02,6.2,153.59,jute
81,53,41,23.37,79.13,6.1,155.22,jute
72,46,41,23.68,70.27,7.11,194.16,jute
79,39,39,25.22,77.77,7.47,167.97,jute
88,45,40,24.26,76.78,6.34,153.18,jute
86,49,41,25.0,76.99,6.16,191.7,jute
75,45,40,23.01,71.14,7.02,197.56,jute
79,48,42,25.4,78.18,6.54,150.7,jute
71,47,41,25.88,79.99,6.95,167.15,jute
75,53,38,23.96,78.09,7.01,164.82,jute
90,45,41,25.67,74.66,6.77,152.42,jute
79,47,41,25.49,74.72,6.89,172.19,jute
79,51,38,23.5,76.65,6.42,163.51,jute
80,45,41,25.26,72.77,6.72,183.95,jute
78,48,40,24.61,70.34,6.02,156.83,jute
65,47,40,25.53,78.7,6.71,184.35,jute
77,54,39,25.81,72.52,6.46,154.32,jute
78,54,41,23.49,74.03,6.72,179.46,jute
83,54,41,23.15,73.88,6.09,180.2,jute
73,54,39,23.6,73.97,6.16,178.35,jute
82,51,40,24.48,77.41,7.28,179.55,jute
86,57,37,25.56,72.81,6.64,197.05,jute
86,51,40,25.95,72.3,6.36,164.0,jute
85,49,39,23.91,77.18,7.24,155.11,jute
74,41,37,24.46,73.77,6.7,199.76,jute
81,50,40,25.87,72.05,6.21,155.89,jute
75,48,39,24.92,73.67,6.93,193.19,jute
94,48,40,24.69,76.22,7.19,171.16,jute
83,47,37,25.19,77.67,6.48,187.35,jute
77,52,34,25.44,78.06,6.54,153.13,jute
63,39,36,24.5,77.68,6.88,153.87,jute
76,45,39,25.85,73.87,7.05,167.62,jute
77,42,38,25.38,75.4,6.34,153.06,jute
76,53,40,25.05,78.77,7.4,160.62,jute
96,18,30,24.97,56.64,6.21,174.75,coffee
94,20,28,27.68,55.67,6.96,181.12,coffee
105,23,29,24.91,68.6,7.24,174.36,coffee
101,25,32,27.19,66.22,6.25,198.53,coffee
109,25,30,27.99,63.04,6.15,153.71,coffee
98,36,31,23.64,69.87,7.46,171.72,coffee
105,29,30,27.74,57.54,6.6,186.06,coffee
91,27,30,26.81,52.48,6.08,179.48,coffee
104,23,30,26.47,63.46,7.25,185.68,coffee
87,18,33,24.44,58.25,6.64,116.34,coffee
114,28,34,25.15,69.52,7.31,162.87,coffee
87,29,29,27.28,69.94,6.05,190.82,coffee
103,23,29,26.39,58.88,6.46,125.38,coffee
85,24,31,26.96,67.51,6.88,184.0,coffee
102,24,29,23.49,60.93,6.73,170.03,coffee
93,26,30,25.25,62.2,6.55,153.13,coffee
93,21,28,25.04,51.19,6.33,150.76,coffee
97,31,27,26.99,56.15,6.04,194.9,coffee
97,30,27,24.77,62.43,6.6,140.43,coffee
96,29,29,26.6,50.6,6.24,181.04,coffee
99,26,26,24.8,65.15,6.77,185.29,coffee
113,26,29,26.67,52.71,6.62,142.41,coffee
103,25,31,25.68,61.24,6.98,169.09,coffee
93,25,30,24.99,57.61,7.34,195.78,coffee
101,28,27,27.91,58.18,7.48,169.9,coffee
102,26,29,23.13,62.94,6.86,191.39,coffee
103,27,29,26.06,59.71,7.41,173.02,coffee
105,27,31,23.11,52.69,6.24,184.83,coffee
102,26,30,26.27,57.4,6.35,127.18,coffee
95,23,29,27.21,54.96,6.49,157.77,coffee
100,24,31,24.24,56.81,7.43,176.75,coffee
98,26,29,24.11,50.29,6.59,132.32,coffee
105,33,29,23.09,69.89,6.21,130.66,coffee
101,26,33,27.29,68.52,6.7,145.79,coffee
113,34,30,23.14,56.45,6.82,119.81,coffee
100,22,31,26.95,62.67,7.32,191.08,coffee
97,26,31,24.69,52.06,6.78,139.51,coffee
102,30,29,25.41,66.34,6.17,125.31,coffee
107,29,28,27.69,58.35,6.41,123.67,coffee
98,27,32,25.28,62.13,6.95,150.0,coffee
100,24,30,25.12,60.97,7.43,188.18,coffee
103,22,30,26.14,69.14,6.36,123.87,coffee
95,25,32,24.29,57.04,6.1,182.3,coffee
114,28,28,25.18,66.72,6.06,132.6,coffee
98,25,29,25.67,69.23,6.99,183.98,coffee
93,26,32,27.22,60.42,6.09,199.48,coffee
106,32,31,25.36,53.37,7.17,183.34,coffee
99,32,31,25.77,65.02,7.07,137.47,coffee
91,28,32,26.15,55.07,6.4,167.3,coffee
97,36,29,24.45,55.95,6.46,166.21,coffee
101,23,29,24.95,61.12,6.04,122.4,coffee
107,24,31,24.82,67.47,6.52,135.14,coffee
114,25,27,26.86,64.57,7.05,191.08,coffee
100,27,28,23.08,57.82,6.48,188.13,coffee
101,28,28,23.69,63.14,6.38,120.3,coffee
102,26,30,25.51,59.8,6.79,150.81,coffee
110,25,28,24.45,55.89,6.8,176.01,coffee
99,22,32,24.41,56.76,7.37,152.64,coffee
107,32,30,27.78,61.57,7.06,152.22,coffee
95,29,30,25.47,68.53,6.03,144.5,coffee
90,20,27,27.38,54.23,6.39,139.54,coffee
88,38,30,25.16,67.43,6.39,175.45,coffee
95,24,31,25.15,59.89,6.42,180.39,coffee
92,29,29,26.11,60.8,7.26,149.23,coffee
107,22,31,24.94,51.44,6.47,185.57,coffee
107,25,29,25.32,53.48,6.81,133.11,coffee
89,26,28,24.58,55.97,6.42,137.31,coffee
100,31,29,25.17,55.52,6.37,167.18,coffee
97,23,28,25.39,66.18,7.49,196.19,coffee
95,33,30,23.6,55.49,6.9,196.97,coffee
105,28,31,25.42,58.17,6.87,138.69,coffee
100,32,30,26.9,52.05,6.94,159.57,coffee
94,22,28,24.28,54.33,6.68,125.47,coffee
108,25,29,27.77,64.69,6.4,132.97,coffee
104,28,30,25.48,61.19,6.65,144.17,coffee
99,23,31,26.11,55.55,6.69,182.71,coffee
92,27,28,26.62,56.49,7.31,119.44,coffee
99,21,32,23.43,64.75,7.07,168.4,coffee
102,30,26,24.03,64.49,6.84,146.85,coffee
97,32,28,27.15,51.61,6.97,162.86,coffee
110,27,28,25.5,58.08,6.77,196.43,coffee
90,31,34,24.88,59.57,7.34,170.79,coffee
110,23,31,26.63,67.89,6.95,131.55,coffee
111,33,29,26.06,57.14,7.11,133.53,coffee
95,31,29,26.74,52.0,6.21,158.66,coffee
106,24,29,25.52,65.13,7.3,192.04,coffee
109,26,28,23.44,68.16,7.38,161.22,coffee
96,24,28,23.56,58.86,7.25,148.2,coffee
95,29,31,24.5,63.42,6.69,152.47,coffee
102,33,30,24.73,68.98,6.73,152.29,coffee
104,23,28,26.06,56.38,7.34,177.87,coffee
96,28,29,25.35,65.98,6.42,129.03,coffee
101,28,30,23.61,61.26,6.57,120.26,coffee
102,34,29,23.07,52.91,6.49,168.18,coffee
105,28,27,25.68,66.3,7.48,194.05,coffee
102,25,32,24.66,62.88,6.63,149.7,coffee
101,33,33,24.66,57.59,6.37,193.49,coffee
106,27,26,26.46,55.03,7.07,175.77,coffee
87,26,29,23.02,55.45,7.16,120.65,coffee
102,37,30,25.44,61.96,6.22,194.03,coffee
